candidate,source,tick,channel,output_family,classification,plus_regime_valid,minus_regime_valid,plus_trusted,minus_trusted,family_trusted,branch_relative,plus_scale,minus_scale
B,common,0,native_common,native_wheel,R44-S,True,True,True,True,True,1.7624686249144174e-11,1.0,1.0
B,common,0,native_common,xi,R44-S,True,True,True,True,True,2.222122062906012e-11,1.0,1.0
B,common,0,native_common,slip,R44-S,True,True,True,True,True,9.431174968912474e-10,1.0,1.0
B,common,0,native_common,base,R44-S,True,True,True,True,True,2.2484341975880553e-11,1.0,1.0
B,common,0,native_common,normal_load,R44-S,True,True,True,True,True,2.4319189752559186e-09,1.0,1.0
B,common,0,native_differential,native_wheel,R44-S,True,True,True,True,True,4.666595162679707e-12,1.0,1.0
B,common,0,native_differential,xi,R44-S,True,True,True,True,True,4.8769951567767816e-11,1.0,1.0
B,common,0,native_differential,slip,R44-S,True,True,True,True,True,1.9106363500445664e-10,1.0,1.0
B,common,0,native_differential,base,R44-S,True,True,True,True,True,8.632333516621766e-09,1.0,1.0
B,common,0,native_differential,normal_load,R44-S,True,True,True,True,True,2.902513499564281e-10,1.0,1.0
B,common,46,native_common,native_wheel,R44-S,True,True,True,True,True,1.2647579592410244e-08,1.0,1.0
B,common,46,native_common,xi,R44-S,True,True,True,True,True,1.61503668167003e-08,1.0,1.0
B,common,46,native_common,slip,R44-S,True,True,True,True,True,6.833195823389449e-07,1.0,1.0
B,common,46,native_common,base,R44-S,True,True,True,True,True,1.6373247018050093e-08,1.0,1.0
B,common,46,native_common,normal_load,R44-S,True,True,True,True,True,6.085557960258737e-07,1.0,1.0
B,common,46,native_differential,native_wheel,R44-S,True,True,True,True,True,3.016996339629726e-10,1.0,1.0
B,common,46,native_differential,xi,R44-S,True,True,True,True,True,3.1622836501049927e-09,1.0,1.0
B,common,46,native_differential,slip,R44-S,True,True,True,True,True,8.512413285682508e-09,1.0,1.0
B,common,46,native_differential,base,R44-S,True,True,True,True,True,2.7412118575669424e-08,1.0,1.0
B,common,46,native_differential,normal_load,R44-S,True,True,True,True,True,6.556243166803821e-10,1.0,1.0
B,common,74,native_common,native_wheel,R44-S,True,True,True,True,True,4.829905906289765e-11,1.0,1.0
B,common,74,native_common,xi,R44-S,True,True,True,True,True,4.876763510697017e-09,1.0,1.0
B,common,74,native_common,slip,R44-S,True,True,True,True,True,1.5035632421814586e-07,1.0,1.0
B,common,74,native_common,base,R44-S,True,True,True,True,True,1.5663372891869852e-09,1.0,1.0
B,common,74,native_common,normal_load,R44-S,True,True,True,True,True,3.2193941403332407e-10,1.0,1.0
B,common,74,native_differential,native_wheel,R44-S,True,True,True,True,True,2.845026824273041e-11,1.0,1.0
B,common,74,native_differential,xi,R44-S,True,True,True,True,True,7.819289002506666e-10,1.0,1.0
B,common,74,native_differential,slip,R44-S,True,True,True,True,True,4.365357867520742e-08,1.0,1.0
B,common,74,native_differential,base,R44-S,True,True,True,True,True,4.704349794564056e-09,1.0,1.0
B,common,74,native_differential,normal_load,R44-S,True,True,True,True,True,1.7831807636541354e-09,1.0,1.0
B,common,101,native_common,native_wheel,R44-S,True,True,False,False,False,0.022562035177316177,1.0,1.0
B,common,101,native_common,xi,R44-P,True,True,False,False,False,1.0307764064044151,1.0,1.0
B,common,101,native_common,slip,R44-P,True,True,False,False,False,1.0622760761543484,1.0,1.0
B,common,101,native_common,base,R44-S,True,True,False,False,False,0.007962207212470344,1.0,1.0
B,common,101,native_common,normal_load,R44-S,True,True,False,False,False,0.005368743476402249,1.0,1.0
B,common,101,native_differential,native_wheel,R44-S,True,True,False,False,False,0.0009638156789087458,1.0,1.0
B,common,101,native_differential,xi,R44-P,True,True,False,False,False,1.2366938848016846,1.0,1.0
B,common,101,native_differential,slip,R44-P,True,True,False,False,False,0.3396980236601326,1.0,1.0
B,common,101,native_differential,base,R44-P,True,True,False,False,False,0.09727120184907925,1.0,1.0
B,common,101,native_differential,normal_load,R44-S,True,True,False,False,False,0.04414496057718827,1.0,1.0
B,common,110,native_common,native_wheel,R44-S,True,True,False,True,False,0.000717437470770008,1.0,1.0
B,common,110,native_common,xi,R44-P,True,True,False,True,False,1.0,1.0,1.0
B,common,110,native_common,slip,R44-P,True,True,False,True,False,1.0,1.0,1.0
B,common,110,native_common,base,R44-P,True,True,False,True,False,0.09532174906733513,1.0,1.0
B,common,110,native_common,normal_load,R44-S,True,True,False,True,False,0.010134215698055494,1.0,1.0
B,common,110,native_differential,native_wheel,R44-S,True,True,False,False,False,0.0017180277978853012,1.0,1.0
B,common,110,native_differential,xi,R44-P,True,True,False,False,False,1.414213562373095,1.0,1.0
B,common,110,native_differential,slip,R44-P,True,True,False,False,False,1.2767599963030392,1.0,1.0
B,common,110,native_differential,base,R44-P,True,True,False,False,False,0.1493544650482082,1.0,1.0
B,common,110,native_differential,normal_load,R44-S,True,True,False,False,False,0.012979227714289124,1.0,1.0
B,own,0,native_common,native_wheel,R44-S,True,True,True,True,True,1.7632576536240223e-11,1.0,1.0
B,own,0,native_common,xi,R44-S,True,True,True,True,True,2.2222147660766395e-11,1.0,1.0
B,own,0,native_common,slip,R44-S,True,True,True,True,True,9.431174968912474e-10,1.0,1.0
B,own,0,native_common,base,R44-S,True,True,True,True,True,2.2544667763394796e-11,1.0,1.0
B,own,0,native_common,normal_load,R44-S,True,True,True,True,True,2.4319189752559186e-09,1.0,1.0
B,own,0,native_differential,native_wheel,R44-S,True,True,True,True,True,4.605876920580428e-12,1.0,1.0
B,own,0,native_differential,xi,R44-S,True,True,True,True,True,4.879025488423382e-11,1.0,1.0
B,own,0,native_differential,slip,R44-S,True,True,True,True,True,1.9106363500445664e-10,1.0,1.0
B,own,0,native_differential,base,R44-S,True,True,True,True,True,8.598982717855775e-09,1.0,1.0
B,own,0,native_differential,normal_load,R44-S,True,True,True,True,True,1.62152056923455e-10,1.0,1.0
B,own,93,native_common,native_wheel,R44-S,True,True,True,True,True,7.533259426782101e-11,1.0,1.0
B,own,93,native_common,xi,R44-S,True,True,True,True,True,7.63224007419472e-10,1.0,1.0
B,own,93,native_common,slip,R44-S,True,True,True,True,True,1.9982554879665337e-07,1.0,1.0
B,own,93,native_common,base,R44-S,True,True,True,True,True,9.802725462828131e-11,1.0,1.0
B,own,93,native_common,normal_load,R44-S,True,True,True,True,True,4.960033527125687e-09,1.0,1.0
B,own,93,native_differential,native_wheel,R44-S,True,True,True,True,True,5.545399249064005e-11,1.0,1.0
B,own,93,native_differential,xi,R44-S,True,True,True,True,True,4.291802324617629e-09,1.0,1.0
B,own,93,native_differential,slip,R44-S,True,True,True,True,True,1.883332276131093e-08,1.0,1.0
B,own,93,native_differential,base,R44-S,True,True,True,True,True,3.548453565121429e-08,1.0,1.0
B,own,93,native_differential,normal_load,R44-S,True,True,True,True,True,3.7419154222621384e-10,1.0,1.0
B,own,97,native_common,native_wheel,R44-S,True,True,True,True,True,3.5561675537113553e-09,1.0,1.0
B,own,97,native_common,xi,R44-S,True,True,True,True,True,4.628522000676214e-09,1.0,1.0
B,own,97,native_common,slip,R44-S,True,True,True,True,True,1.8620780183036075e-06,1.0,1.0
B,own,97,native_common,base,R44-S,True,True,True,True,True,4.6126453126558435e-09,1.0,1.0
B,own,97,native_common,normal_load,R44-S,True,True,True,True,True,1.9778614829871882e-07,1.0,1.0
B,own,97,native_differential,native_wheel,R44-S,True,True,True,True,True,7.605611919569502e-11,1.0,1.0
B,own,97,native_differential,xi,R44-S,True,True,True,True,True,5.2517517981775895e-09,1.0,1.0
B,own,97,native_differential,slip,R44-S,True,True,True,True,True,1.7013067716893233e-07,1.0,1.0
B,own,97,native_differential,base,R44-S,True,True,True,True,True,4.937418988083496e-08,1.0,1.0
B,own,97,native_differential,normal_load,R44-S,True,True,True,True,True,8.783890281711653e-10,1.0,1.0
B,own,98,native_common,native_wheel,R44-S,True,True,True,True,True,0.013498431013565904,1.0,1.0
B,own,98,native_common,xi,R44-S,True,True,True,True,True,0.010574759029647737,1.0,1.0
B,own,98,native_common,slip,R44-P,True,True,True,True,True,1.7391820520511496,1.0,1.0
B,own,98,native_common,base,R44-S,True,True,True,True,True,0.010340141321716184,1.0,1.0
B,own,98,native_common,normal_load,R44-S,True,True,True,True,True,0.012058869195143249,1.0,1.0
B,own,98,native_differential,native_wheel,R44-S,True,True,True,True,True,0.014355620969593563,1.0,1.0
B,own,98,native_differential,xi,R44-P,True,True,True,True,True,0.08986662061737745,1.0,1.0
B,own,98,native_differential,slip,R44-P,True,True,True,True,True,1.0324540691842774,1.0,1.0
B,own,98,native_differential,base,R44-P,True,True,True,True,True,0.1294668688535441,1.0,1.0
B,own,98,native_differential,normal_load,R44-S,True,True,True,True,True,0.04646721413128621,1.0,1.0
B,own,101,native_common,native_wheel,R44-S,True,True,True,False,False,0.03374935757769878,1.0,1.0
B,own,101,native_common,xi,R44-P,True,True,True,False,False,0.0809854429839625,1.0,1.0
B,own,101,native_common,slip,R44-P,True,True,True,False,False,0.9338637249490693,1.0,1.0
B,own,101,native_common,base,R44-S,True,True,True,False,False,0.04011211302879386,1.0,1.0
B,own,101,native_common,normal_load,R44-P,True,True,True,False,False,0.07758696355439992,1.0,1.0
B,own,101,native_differential,native_wheel,R44-S,True,True,False,False,False,0.03427932945708303,1.0,1.0
B,own,101,native_differential,xi,R44-P,True,True,False,False,False,0.8574929257125442,1.0,1.0
B,own,101,native_differential,slip,R44-P,True,True,False,False,False,1.109003841296805,1.0,1.0
B,own,101,native_differential,base,R44-P,True,True,False,False,False,1.0891167232577663,1.0,1.0
B,own,101,native_differential,normal_load,R44-P,True,True,False,False,False,0.2862476484846221,1.0,1.0
B,own,115,native_common,native_wheel,R44-S,True,True,False,True,False,0.0024039048826098915,1.0,1.0
B,own,115,native_common,xi,R44-S,True,True,False,True,False,0.02105694031239077,1.0,1.0
B,own,115,native_common,slip,R44-P,True,True,False,True,False,1.0000001175008408,1.0,1.0
B,own,115,native_common,base,R44-P,True,True,False,True,False,0.6602857645676847,1.0,1.0
B,own,115,native_common,normal_load,R44-S,True,True,False,True,False,0.03554128686263268,1.0,1.0
B,own,115,native_differential,native_wheel,R44-S,True,True,False,False,False,0.0017624595791081766,1.0,1.0
B,own,115,native_differential,xi,R44-P,True,True,False,False,False,1.0,1.0,1.0
B,own,115,native_differential,slip,R44-P,True,True,False,False,False,0.9957473010296155,1.0,1.0
B,own,115,native_differential,base,R44-P,True,True,False,False,False,0.7670444022461274,1.0,1.0
B,own,115,native_differential,normal_load,R44-P,True,True,False,False,False,0.1191616393558691,1.0,1.0
B,own,119,native_common,native_wheel,R44-S,True,True,True,True,True,0.003839961293664055,1.0,1.0
B,own,119,native_common,xi,R44-P,True,True,True,True,True,0.10787807584680811,1.0,1.0
B,own,119,native_common,slip,R44-P,True,True,True,True,True,0.053290705182007514,1.0,1.0
B,own,119,native_common,base,R44-P,True,True,True,True,True,0.17003252529373716,1.0,1.0
B,own,119,native_common,normal_load,R44-P,True,True,True,True,True,0.07326002535344253,1.0,1.0
B,own,119,native_differential,native_wheel,R44-S,True,True,False,True,False,0.002593566543708201,1.0,1.0
B,own,119,native_differential,xi,R44-P,True,True,False,True,False,1.0,1.0,1.0
B,own,119,native_differential,slip,R44-P,True,True,False,True,False,0.9752669789697348,1.0,1.0
B,own,119,native_differential,base,R44-P,True,True,False,True,False,0.9064415440687646,1.0,1.0
B,own,119,native_differential,normal_load,R44-P,True,True,False,True,False,0.366205343881779,1.0,1.0
C,common,0,xi_common,native_wheel,R44-S,True,True,True,True,True,2.102272504143691e-12,1.0,1.0
C,common,0,xi_common,xi,R44-S,True,True,True,True,True,6.452553681293177e-13,1.0,1.0
C,common,0,xi_common,slip,R44-S,True,True,True,True,True,1.8545584210904961e-10,1.0,1.0
C,common,0,xi_common,base,R44-S,True,True,True,True,True,7.756391554570253e-13,1.0,1.0
C,common,0,xi_common,normal_load,R44-S,True,True,True,True,True,3.093217167659401e-08,1.0,1.0
C,common,0,xi_differential,native_wheel,R44-S,True,True,True,True,True,2.7287639536917165e-13,1.0,1.0
C,common,0,xi_differential,xi,R44-S,True,True,True,True,True,4.0241715288539973e-13,1.0,1.0
C,common,0,xi_differential,slip,R44-S,True,True,True,True,True,4.4584801424274974e-11,1.0,1.0
C,common,0,xi_differential,base,R44-S,True,True,True,True,True,8.269400920506606e-10,1.0,1.0
C,common,0,xi_differential,normal_load,R44-S,True,True,True,True,True,1.8318805476023137e-10,1.0,1.0
C,common,46,xi_common,native_wheel,R44-S,True,True,True,True,True,7.825899250759771e-11,1.0,1.0
C,common,46,xi_common,xi,R44-S,True,True,True,True,True,7.316154900482015e-10,1.0,1.0
C,common,46,xi_common,slip,R44-S,True,True,True,True,True,4.797053039885515e-07,1.0,1.0
C,common,46,xi_common,base,R44-S,True,True,True,True,True,8.851678283244856e-12,1.0,1.0
C,common,46,xi_common,normal_load,R44-S,True,True,True,True,True,3.0902599374529904e-06,1.0,1.0
C,common,46,xi_differential,native_wheel,R44-S,True,True,True,True,True,3.0841513329042865e-11,1.0,1.0
C,common,46,xi_differential,xi,R44-S,True,True,True,True,True,3.9892164596476514e-10,1.0,1.0
C,common,46,xi_differential,slip,R44-S,True,True,True,True,True,3.152869126193442e-08,1.0,1.0
C,common,46,xi_differential,base,R44-S,True,True,True,True,True,5.082645869495848e-09,1.0,1.0
C,common,46,xi_differential,normal_load,R44-S,True,True,True,True,True,6.446362938385624e-09,1.0,1.0
C,common,74,xi_common,native_wheel,R44-S,True,True,True,True,True,1.416264857998576e-10,1.0,1.0
C,common,74,xi_common,xi,R44-S,True,True,True,True,True,8.178094449935764e-10,1.0,1.0
C,common,74,xi_common,slip,R44-S,True,True,True,True,True,1.8292254696269521e-06,1.0,1.0
C,common,74,xi_common,base,R44-S,True,True,True,True,True,2.83526122608828e-11,1.0,1.0
C,common,74,xi_common,normal_load,R44-S,True,True,True,True,True,3.137952334264402e-06,1.0,1.0
C,common,74,xi_differential,native_wheel,R44-S,True,True,True,True,True,2.0573074127363158e-11,1.0,1.0
C,common,74,xi_differential,xi,R44-S,True,True,True,True,True,3.627906703732691e-09,1.0,1.0
C,common,74,xi_differential,slip,R44-S,True,True,True,True,True,5.9125684090731656e-08,1.0,1.0
C,common,74,xi_differential,base,R44-S,True,True,True,True,True,1.0181026950987368e-09,1.0,1.0
C,common,74,xi_differential,normal_load,R44-S,True,True,True,True,True,3.9008236861055204e-08,1.0,1.0
C,common,101,xi_common,native_wheel,R44-S,True,True,True,True,True,0.003003486077983883,1.0,1.0
C,common,101,xi_common,xi,R44-S,True,True,True,True,True,2.661840138085738e-09,1.0,1.0
C,common,101,xi_common,slip,R44-S,True,True,True,True,True,1.221752327510192e-07,1.0,1.0
C,common,101,xi_common,base,R44-S,True,True,True,True,True,9.127078928517856e-09,1.0,1.0
C,common,101,xi_common,normal_load,R44-S,True,True,True,True,True,4.019815367330687e-10,1.0,1.0
C,common,101,xi_differential,native_wheel,R44-S,True,True,True,True,True,0.0019103065465061336,1.0,1.0
C,common,101,xi_differential,xi,R44-S,True,True,True,True,True,1.4319737130549258e-08,1.0,1.0
C,common,101,xi_differential,slip,R44-S,True,True,True,True,True,4.1294602883037276e-07,1.0,1.0
C,common,101,xi_differential,base,R44-S,True,True,True,True,True,8.944735087575537e-10,1.0,1.0
C,common,101,xi_differential,normal_load,R44-S,True,True,True,True,True,1.2698944978307553e-10,1.0,1.0
C,common,110,xi_common,native_wheel,R44-S,True,True,True,True,True,0.0003387180762100606,1.0,1.0
C,common,110,xi_common,xi,R44-S,True,True,True,True,True,8.569967208891374e-08,1.0,1.0
C,common,110,xi_common,slip,R44-S,True,True,True,True,True,2.856752848987367e-07,1.0,1.0
C,common,110,xi_common,base,R44-S,True,True,True,True,True,2.812419506134941e-10,1.0,1.0
C,common,110,xi_common,normal_load,R44-S,True,True,True,True,True,1.0365102208014437e-11,1.0,1.0
C,common,110,xi_differential,native_wheel,R44-S,True,True,True,True,True,0.00044870016314737946,1.0,1.0
C,common,110,xi_differential,xi,R44-S,True,True,True,True,True,6.112890183014491e-08,1.0,1.0
C,common,110,xi_differential,slip,R44-S,True,True,True,True,True,4.960040074330819e-07,1.0,1.0
C,common,110,xi_differential,base,R44-S,True,True,True,True,True,4.157690329922947e-09,1.0,1.0
C,common,110,xi_differential,normal_load,R44-S,True,True,True,True,True,6.313660788702855e-11,1.0,1.0
C,own,0,xi_common,native_wheel,R44-S,True,True,True,True,True,2.102272504143691e-12,1.0,1.0
C,own,0,xi_common,xi,R44-S,True,True,True,True,True,5.944125932592454e-13,1.0,1.0
C,own,0,xi_common,slip,R44-S,True,True,True,True,True,1.8545584210904961e-10,1.0,1.0
C,own,0,xi_common,base,R44-S,True,True,True,True,True,4.0679032884899883e-13,1.0,1.0
C,own,0,xi_common,normal_load,R44-S,True,True,True,True,True,3.093217167659401e-08,1.0,1.0
C,own,0,xi_differential,native_wheel,R44-S,True,True,True,True,True,1.5297057486167599e-13,1.0,1.0
C,own,0,xi_differential,xi,R44-S,True,True,True,True,True,3.321938313640988e-13,1.0,1.0
C,own,0,xi_differential,slip,R44-S,True,True,True,True,True,4.4584801424274974e-11,1.0,1.0
C,own,0,xi_differential,base,R44-S,True,True,True,True,True,6.116260055577e-10,1.0,1.0
C,own,0,xi_differential,normal_load,R44-S,True,True,True,True,True,8.582750294181723e-11,1.0,1.0
C,own,84,xi_common,native_wheel,R44-S,True,True,True,True,True,1.8436787282155298e-10,1.0,1.0
C,own,84,xi_common,xi,R44-S,True,True,True,True,True,6.212178515465732e-09,1.0,1.0
C,own,84,xi_common,slip,R44-S,True,True,True,True,True,5.468918525586771e-06,1.0,1.0
C,own,84,xi_common,base,R44-S,True,True,True,True,True,2.0327635899155385e-11,1.0,1.0
C,own,84,xi_common,normal_load,R44-S,True,True,True,True,True,4.1794287387869217e-07,1.0,1.0
C,own,84,xi_differential,native_wheel,R44-S,True,True,True,True,True,1.488556081794366e-11,1.0,1.0
C,own,84,xi_differential,xi,R44-S,True,True,True,True,True,2.859110821588398e-09,1.0,1.0
C,own,84,xi_differential,slip,R44-S,True,True,True,True,True,1.1576765721752171e-07,1.0,1.0
C,own,84,xi_differential,base,R44-S,True,True,True,True,True,4.551877816691579e-09,1.0,1.0
C,own,84,xi_differential,normal_load,R44-S,True,True,True,True,True,2.983938075391828e-09,1.0,1.0
C,own,94,xi_common,native_wheel,R44-S,True,True,True,True,True,1.957961201372311e-09,1.0,1.0
C,own,94,xi_common,xi,R44-S,True,True,True,True,True,1.3271971845139751e-08,1.0,1.0
C,own,94,xi_common,slip,R44-S,True,True,True,True,True,1.0436924000641842e-05,1.0,1.0
C,own,94,xi_common,base,R44-S,True,True,True,True,True,2.151028526618729e-10,1.0,1.0
C,own,94,xi_common,normal_load,R44-S,True,True,True,True,True,1.8252506560167239e-06,1.0,1.0
C,own,94,xi_differential,native_wheel,R44-S,True,True,True,True,True,5.13193966296437e-10,1.0,1.0
C,own,94,xi_differential,xi,R44-S,True,True,True,True,True,1.1150006728941727e-08,1.0,1.0
C,own,94,xi_differential,slip,R44-S,True,True,True,True,True,2.653720148964111e-07,1.0,1.0
C,own,94,xi_differential,base,R44-S,True,True,True,True,True,3.5524794398606865e-07,1.0,1.0
C,own,94,xi_differential,normal_load,R44-S,True,True,True,True,True,2.3005703443031682e-07,1.0,1.0
C,own,98,xi_common,native_wheel,R44-S,True,True,True,True,True,2.090631156375281e-09,1.0,1.0
C,own,98,xi_common,xi,R44-S,True,True,True,True,True,1.0573974587710124e-08,1.0,1.0
C,own,98,xi_common,slip,R44-S,True,True,True,True,True,2.057789173097117e-05,1.0,1.0
C,own,98,xi_common,base,R44-S,True,True,True,True,True,2.345820641478451e-10,1.0,1.0
C,own,98,xi_common,normal_load,R44-S,True,True,True,True,True,1.4206783354539509e-06,1.0,1.0
C,own,98,xi_differential,native_wheel,R44-S,True,True,True,True,True,3.3461840090078215e-07,1.0,1.0
C,own,98,xi_differential,xi,R44-S,True,True,True,True,True,3.0656075132750586e-07,1.0,1.0
C,own,98,xi_differential,slip,R44-S,True,True,True,True,True,3.697067924638727e-05,1.0,1.0
C,own,98,xi_differential,base,R44-S,True,True,True,True,True,0.00034584227505537156,1.0,1.0
C,own,98,xi_differential,normal_load,R44-S,True,True,True,True,True,4.7530505807028423e-05,1.0,1.0
C,own,102,xi_common,native_wheel,R44-S,True,True,True,True,True,2.542589639539639e-09,1.0,1.0
C,own,102,xi_common,xi,R44-S,True,True,True,True,True,2.8335974171305543e-08,1.0,1.0
C,own,102,xi_common,slip,R44-S,True,True,True,True,True,0.00019114589254298363,1.0,1.0
C,own,102,xi_common,base,R44-S,True,True,True,True,True,1.1871575267050514e-10,1.0,1.0
C,own,102,xi_common,normal_load,R44-S,True,True,True,True,True,3.548689296614793e-08,1.0,1.0
C,own,102,xi_differential,native_wheel,R44-S,True,True,True,True,True,2.7780464652828807e-09,1.0,1.0
C,own,102,xi_differential,xi,R44-S,True,True,True,True,True,1.3337876728248505e-08,1.0,1.0
C,own,102,xi_differential,slip,R44-S,True,True,True,True,True,1.301759975610903e-07,1.0,1.0
C,own,102,xi_differential,base,R44-S,True,True,True,True,True,1.062412532757935e-06,1.0,1.0
C,own,102,xi_differential,normal_load,R44-S,True,True,True,True,True,1.4507559241590824e-07,1.0,1.0
C,own,103,xi_common,native_wheel,R44-S,True,True,True,True,True,7.36907253680264e-10,1.0,1.0
C,own,103,xi_common,xi,R44-S,True,True,True,True,True,2.8333822628918e-08,1.0,1.0
C,own,103,xi_common,slip,R44-S,True,True,True,True,True,0.00013841011350400944,1.0,1.0
C,own,103,xi_common,base,R44-S,True,True,True,True,True,2.3279031427802997e-11,1.0,1.0
C,own,103,xi_common,normal_load,R44-S,True,True,True,True,True,9.645203173458621e-09,1.0,1.0
C,own,103,xi_differential,native_wheel,R44-S,True,True,True,True,True,2.939876204000218e-09,1.0,1.0
C,own,103,xi_differential,xi,R44-S,True,True,True,True,True,8.835822952259629e-09,1.0,1.0
C,own,103,xi_differential,slip,R44-S,True,True,True,True,True,8.816398830801728e-06,1.0,1.0
C,own,103,xi_differential,base,R44-S,True,True,True,True,True,6.301899826869919e-07,1.0,1.0
C,own,103,xi_differential,normal_load,R44-S,True,True,True,True,True,4.8161896164079035e-08,1.0,1.0
C,own,106,xi_common,native_wheel,R44-S,True,True,True,True,True,5.773914178500539e-08,1.0,1.0
C,own,106,xi_common,xi,R44-S,True,True,True,True,True,3.933529141252669e-09,1.0,1.0
C,own,106,xi_common,slip,R44-S,True,True,True,True,True,2.4769798692493804e-06,1.0,1.0
C,own,106,xi_common,base,R44-S,True,True,True,True,True,4.2329390909098087e-10,1.0,1.0
C,own,106,xi_common,normal_load,R44-S,True,True,True,True,True,3.3026616703146976e-08,1.0,1.0
C,own,106,xi_differential,native_wheel,R44-S,True,True,True,True,True,2.064973745005411e-08,1.0,1.0
C,own,106,xi_differential,xi,R44-S,True,True,True,True,True,1.4055772710977503e-08,1.0,1.0
C,own,106,xi_differential,slip,R44-S,True,True,True,True,True,1.898016931252612e-07,1.0,1.0
C,own,106,xi_differential,base,R44-S,True,True,True,True,True,1.7059735068157264e-08,1.0,1.0
C,own,106,xi_differential,normal_load,R44-S,True,True,True,True,True,3.1560857006421646e-08,1.0,1.0
D,common,0,xi_common,native_wheel,R44-S,True,True,True,True,True,6.338065487017954e-12,1.0,1.0
D,common,0,xi_common,xi,R44-S,True,True,True,True,True,9.593132930113248e-13,1.0,1.0
D,common,0,xi_common,slip,R44-S,True,True,True,True,True,1.8564081800183704e-11,1.0,1.0
D,common,0,xi_common,base,R44-S,True,True,True,True,True,7.832752958823554e-13,1.0,1.0
D,common,0,xi_common,normal_load,R44-S,True,True,True,True,True,7.503441505003926e-09,1.0,1.0
D,common,0,xi_differential,native_wheel,R44-S,True,True,True,True,True,6.976867243749901e-10,1.0,1.0
D,common,0,xi_differential,xi,R44-S,True,True,True,True,True,7.160055686326616e-10,1.0,1.0
D,common,0,xi_differential,slip,R44-S,True,True,True,True,True,3.6000411889732543e-10,1.0,1.0
D,common,0,xi_differential,base,R44-S,True,True,True,True,True,1.3433277821566322e-06,1.0,1.0
D,common,0,xi_differential,normal_load,R44-S,True,True,True,True,True,1.8595576455243499e-07,1.0,1.0
D,common,0,native_common,native_wheel,R44-S,True,True,True,True,True,3.921412402257681e-13,1.0,1.0
D,common,0,native_common,xi,R44-S,True,True,True,True,True,2.5150121074991566e-12,1.0,1.0
D,common,0,native_common,slip,R44-S,True,True,True,True,True,4.3771260569998395e-12,1.0,1.0
D,common,0,native_common,base,R44-S,True,True,True,True,True,9.951341525632505e-14,1.0,1.0
D,common,0,native_common,normal_load,R44-S,True,True,True,True,True,4.133420491012015e-11,1.0,1.0
D,common,0,native_differential,native_wheel,R44-S,True,True,True,True,True,1.0094478022744013e-09,1.0,1.0
D,common,0,native_differential,xi,R44-S,True,True,True,True,True,7.273152795282625e-09,1.0,1.0
D,common,0,native_differential,slip,R44-S,True,True,True,True,True,2.6533795808206113e-10,1.0,1.0
D,common,0,native_differential,base,R44-S,True,True,True,True,True,9.038294014148269e-07,1.0,1.0
D,common,0,native_differential,normal_load,R44-S,True,True,True,True,True,5.331360308232968e-07,1.0,1.0
D,common,46,xi_common,native_wheel,R44-S,True,True,True,True,True,5.439325872945225e-09,1.0,1.0
D,common,46,xi_common,xi,R44-S,True,True,True,True,True,7.011287015861394e-10,1.0,1.0
D,common,46,xi_common,slip,R44-S,True,True,True,True,True,9.222080456299617e-07,1.0,1.0
D,common,46,xi_common,base,R44-S,True,True,True,True,True,5.670164168453504e-12,1.0,1.0
D,common,46,xi_common,normal_load,R44-S,True,True,True,True,True,5.073081848989926e-08,1.0,1.0
D,common,46,xi_differential,native_wheel,R44-S,True,True,True,True,True,1.2021231507307328e-10,1.0,1.0
D,common,46,xi_differential,xi,R44-S,True,True,True,True,True,8.583006543363524e-11,1.0,1.0
D,common,46,xi_differential,slip,R44-S,True,True,True,True,True,6.666290546490003e-09,1.0,1.0
D,common,46,xi_differential,base,R44-S,True,True,True,True,True,8.847611053512886e-08,1.0,1.0
D,common,46,xi_differential,normal_load,R44-S,True,True,True,True,True,3.12204374538484e-08,1.0,1.0
D,common,46,native_common,native_wheel,R44-S,True,True,True,True,True,8.782345962506095e-10,1.0,1.0
D,common,46,native_common,xi,R44-S,True,True,True,True,True,2.3795206772038382e-08,1.0,1.0
D,common,46,native_common,slip,R44-S,True,True,True,True,True,1.2205520426254518e-07,1.0,1.0
D,common,46,native_common,base,R44-S,True,True,True,True,True,2.0695482790049854e-10,1.0,1.0
D,common,46,native_common,normal_load,R44-S,True,True,True,True,True,1.6919433139149894e-08,1.0,1.0
D,common,46,native_differential,native_wheel,R44-S,True,True,True,True,True,1.3818152668599393e-05,1.0,1.0
D,common,46,native_differential,xi,R44-S,True,True,True,True,True,0.00010015346640456842,1.0,1.0
D,common,46,native_differential,slip,R44-S,True,True,True,True,True,3.185343715248029e-06,1.0,1.0
D,common,46,native_differential,base,R44-S,True,True,True,True,True,0.008697639021908746,1.0,1.0
D,common,46,native_differential,normal_load,R44-S,True,True,True,True,True,0.007447234071367194,1.0,1.0
D,common,74,xi_common,native_wheel,R44-S,True,True,True,True,True,1.0740957763751344e-08,1.0,1.0
D,common,74,xi_common,xi,R44-S,True,True,True,True,True,1.6403271922504705e-09,1.0,1.0
D,common,74,xi_common,slip,R44-S,True,True,True,True,True,1.1524318384371833e-07,1.0,1.0
D,common,74,xi_common,base,R44-S,True,True,True,True,True,1.7617520663376582e-12,1.0,1.0
D,common,74,xi_common,normal_load,R44-S,True,True,True,True,True,1.0020447314438411e-08,1.0,1.0
D,common,74,xi_differential,native_wheel,R44-S,True,True,True,True,True,3.2189750779413147e-10,1.0,1.0
D,common,74,xi_differential,xi,R44-S,True,True,True,True,True,1.8057132817787716e-09,1.0,1.0
D,common,74,xi_differential,slip,R44-S,True,True,True,True,True,1.2821183443528365e-08,1.0,1.0
D,common,74,xi_differential,base,R44-S,True,True,True,True,True,1.0705478844395723e-09,1.0,1.0
D,common,74,xi_differential,normal_load,R44-S,True,True,True,True,True,2.5666021749479754e-09,1.0,1.0
D,common,74,native_common,native_wheel,R44-S,True,True,True,True,True,4.846439724136059e-11,1.0,1.0
D,common,74,native_common,xi,R44-S,True,True,True,True,True,6.65233860956187e-09,1.0,1.0
D,common,74,native_common,slip,R44-S,True,True,True,True,True,1.0419871766489339e-07,1.0,1.0
D,common,74,native_common,base,R44-S,True,True,True,True,True,8.740639793636779e-12,1.0,1.0
D,common,74,native_common,normal_load,R44-S,True,True,True,True,True,7.867594857409652e-10,1.0,1.0
D,common,74,native_differential,native_wheel,R44-S,True,True,True,True,True,9.073914296807603e-10,1.0,1.0
D,common,74,native_differential,xi,R44-S,True,True,True,True,True,4.987879705617249e-09,1.0,1.0
D,common,74,native_differential,slip,R44-S,True,True,True,True,True,2.9383740702238535e-08,1.0,1.0
D,common,74,native_differential,base,R44-S,True,True,True,True,True,6.875275200344151e-07,1.0,1.0
D,common,74,native_differential,normal_load,R44-S,True,True,True,True,True,5.466220996336757e-07,1.0,1.0
D,common,101,xi_common,native_wheel,R44-S,True,True,True,True,True,0.0075650960180081136,1.0,1.0
D,common,101,xi_common,xi,R44-S,True,True,True,True,True,3.880265280893268e-09,1.0,1.0
D,common,101,xi_common,slip,R44-S,True,True,True,True,True,2.972745968955342e-08,1.0,1.0
D,common,101,xi_common,base,R44-S,True,True,True,True,True,2.830512585474858e-10,1.0,1.0
D,common,101,xi_common,normal_load,R44-S,True,True,True,True,True,2.460707860330561e-10,1.0,1.0
D,common,101,xi_differential,native_wheel,R44-S,True,True,True,True,True,0.027888457995376054,1.0,1.0
D,common,101,xi_differential,xi,R44-S,True,True,True,True,True,5.616663769960389e-09,1.0,1.0
D,common,101,xi_differential,slip,R44-S,True,True,True,True,True,2.1734508281734325e-07,1.0,1.0
D,common,101,xi_differential,base,R44-S,True,True,True,True,True,1.280840601719207e-09,1.0,1.0
D,common,101,xi_differential,normal_load,R44-S,True,True,True,True,True,1.0491710020602046e-10,1.0,1.0
D,common,101,native_common,native_wheel,R44-S,True,True,True,True,True,0.0012027111183529296,1.0,1.0
D,common,101,native_common,xi,R44-P,True,True,True,True,True,0.34921514788478913,1.0,1.0
D,common,101,native_common,slip,R44-P,True,True,True,True,True,1.317890633869122,1.0,1.0
D,common,101,native_common,base,R44-S,True,True,True,True,True,0.0062502197626095315,1.0,1.0
D,common,101,native_common,normal_load,R44-P,True,True,True,True,True,0.08915412994064977,1.0,1.0
D,common,101,native_differential,native_wheel,R44-S,True,True,False,False,False,0.005388308419921325,1.0,1.0
D,common,101,native_differential,xi,R44-P,True,True,False,False,False,0.6,1.0,1.0
D,common,101,native_differential,slip,R44-P,True,True,False,False,False,0.6398426819420744,1.0,1.0
D,common,101,native_differential,base,R44-P,True,True,False,False,False,0.08371908206919212,1.0,1.0
D,common,101,native_differential,normal_load,R44-P,True,True,False,False,False,0.17066347028079837,1.0,1.0
D,common,110,xi_common,native_wheel,R44-S,True,True,True,True,True,9.798148116409599e-05,1.0,1.0
D,common,110,xi_common,xi,R44-S,True,True,True,True,True,9.962378319501986e-09,1.0,1.0
D,common,110,xi_common,slip,R44-S,True,True,True,True,True,1.452838209765184e-07,1.0,1.0
D,common,110,xi_common,base,R44-S,True,True,True,True,True,2.0466192057837535e-10,1.0,1.0
D,common,110,xi_common,normal_load,R44-S,True,True,True,True,True,5.018154394727228e-12,1.0,1.0
D,common,110,xi_differential,native_wheel,R44-S,True,True,True,True,True,0.00013157002101196971,1.0,1.0
D,common,110,xi_differential,xi,R44-S,True,True,True,True,True,1.642785215727605e-08,1.0,1.0
D,common,110,xi_differential,slip,R44-S,True,True,True,True,True,1.308840604425313e-07,1.0,1.0
D,common,110,xi_differential,base,R44-S,True,True,True,True,True,4.547851049393033e-10,1.0,1.0
D,common,110,xi_differential,normal_load,R44-S,True,True,True,True,True,5.393766697725687e-12,1.0,1.0
D,common,110,native_common,native_wheel,R44-S,True,True,True,True,True,0.0005442769066925717,1.0,1.0
D,common,110,native_common,xi,R44-S,True,True,True,True,True,0.025121479338940402,1.0,1.0
D,common,110,native_common,slip,R44-S,True,True,True,True,True,0.007069825178364578,1.0,1.0
D,common,110,native_common,base,R44-P,True,True,True,True,True,0.12444828609829349,1.0,1.0
D,common,110,native_common,normal_load,R44-S,True,True,True,True,True,0.02763679522752549,1.0,1.0
D,common,110,native_differential,native_wheel,R44-S,True,True,True,True,True,0.022586116656005874,1.0,1.0
D,common,110,native_differential,xi,R44-S,True,True,True,True,True,0.017763568394002505,1.0,1.0
D,common,110,native_differential,slip,R44-S,True,True,True,True,True,0.025121479338940402,1.0,1.0
D,common,110,native_differential,base,R44-P,True,True,True,True,True,1.508609080772068,1.0,1.0
D,common,110,native_differential,normal_load,R44-P,True,True,True,True,True,0.056165595630173044,1.0,1.0
D,own,0,xi_common,native_wheel,R44-S,True,True,True,True,True,6.210578998859509e-12,1.0,1.0
D,own,0,xi_common,xi,R44-S,True,True,True,True,True,1.0286034899470429e-12,1.0,1.0
D,own,0,xi_common,slip,R44-S,True,True,True,True,True,1.2817016172054455e-11,1.0,1.0
D,own,0,xi_common,base,R44-S,True,True,True,True,True,9.950729436626981e-13,1.0,1.0
D,own,0,xi_common,normal_load,R44-S,True,True,True,True,True,7.4280281310728415e-09,1.0,1.0
D,own,0,xi_differential,native_wheel,R44-S,True,True,True,True,True,6.976889710550869e-10,1.0,1.0
D,own,0,xi_differential,xi,R44-S,True,True,True,True,True,7.159938479611928e-10,1.0,1.0
D,own,0,xi_differential,slip,R44-S,True,True,True,True,True,3.6000411889732543e-10,1.0,1.0
D,own,0,xi_differential,base,R44-S,True,True,True,True,True,1.343409397249715e-06,1.0,1.0
D,own,0,xi_differential,normal_load,R44-S,True,True,True,True,True,1.8595576455243499e-07,1.0,1.0
D,own,0,native_common,native_wheel,R44-S,True,True,True,True,True,4.4024645254017693e-13,1.0,1.0
D,own,0,native_common,xi,R44-S,True,True,True,True,True,2.5150121074991566e-12,1.0,1.0
D,own,0,native_common,slip,R44-S,True,True,True,True,True,2.138721269749956e-12,1.0,1.0
D,own,0,native_common,base,R44-S,True,True,True,True,True,1.0662856603890061e-13,1.0,1.0
D,own,0,native_common,normal_load,R44-S,True,True,True,True,True,2.7612348801119955e-11,1.0,1.0
D,own,0,native_differential,native_wheel,R44-S,True,True,True,True,True,1.0094412436109068e-09,1.0,1.0
D,own,0,native_differential,xi,R44-S,True,True,True,True,True,7.273152795282625e-09,1.0,1.0
D,own,0,native_differential,slip,R44-S,True,True,True,True,True,2.6533795808206113e-10,1.0,1.0
D,own,0,native_differential,base,R44-S,True,True,True,True,True,9.035760669393285e-07,1.0,1.0
D,own,0,native_differential,normal_load,R44-S,True,True,True,True,True,5.331360308232968e-07,1.0,1.0
D,own,103,xi_common,native_wheel,R44-S,True,True,True,True,True,1.8720918998856965e-08,1.0,1.0
D,own,103,xi_common,xi,R44-S,True,True,True,True,True,2.843868697203783e-09,1.0,1.0
D,own,103,xi_common,slip,R44-S,True,True,True,True,True,1.95693743248959e-06,1.0,1.0
D,own,103,xi_common,base,R44-S,True,True,True,True,True,5.020880024520656e-12,1.0,1.0
D,own,103,xi_common,normal_load,R44-S,True,True,True,True,True,1.0271479622950295e-08,1.0,1.0
D,own,103,xi_differential,native_wheel,R44-S,True,True,True,True,True,7.29670766267199e-09,1.0,1.0
D,own,103,xi_differential,xi,R44-S,True,True,True,True,True,6.683175335052599e-09,1.0,1.0
D,own,103,xi_differential,slip,R44-S,True,True,True,True,True,9.639266525460413e-09,1.0,1.0
D,own,103,xi_differential,base,R44-S,True,True,True,True,True,4.6618018845099024e-06,1.0,1.0
D,own,103,xi_differential,normal_load,R44-S,True,True,True,True,True,1.3597502908572055e-05,1.0,1.0
D,own,103,native_common,native_wheel,R44-S,True,True,True,True,True,5.863326837771856e-08,1.0,1.0
D,own,103,native_common,xi,R44-S,True,True,True,True,True,6.706715692910975e-07,1.0,1.0
D,own,103,native_common,slip,R44-S,True,True,True,True,True,4.618182175477347e-07,1.0,1.0
D,own,103,native_common,base,R44-S,True,True,True,True,True,5.6244997104565325e-09,1.0,1.0
D,own,103,native_common,normal_load,R44-S,True,True,True,True,True,1.7212038751841296e-06,1.0,1.0
D,own,103,native_differential,native_wheel,R44-S,True,True,True,True,True,6.361388943749491e-09,1.0,1.0
D,own,103,native_differential,xi,R44-S,True,True,True,True,True,3.336598170128545e-08,1.0,1.0
D,own,103,native_differential,slip,R44-S,True,True,True,True,True,4.433603039650356e-08,1.0,1.0
D,own,103,native_differential,base,R44-S,True,True,True,True,True,2.521772405120532e-06,1.0,1.0
D,own,103,native_differential,normal_load,R44-S,True,True,True,True,True,5.324463547052083e-07,1.0,1.0
D,own,110,xi_common,native_wheel,R44-P,True,True,True,True,True,1.5689290811054724,1.0,1.0
D,own,110,xi_common,xi,R44-S,True,True,True,True,True,3.3731840871167656e-09,1.0,1.0
D,own,110,xi_common,slip,R44-S,True,True,True,True,True,8.950472555755425e-07,1.0,1.0
D,own,110,xi_common,base,R44-S,True,True,True,True,True,1.211848190917551e-11,1.0,1.0
D,own,110,xi_common,normal_load,R44-S,True,True,True,True,True,1.6388880912827932e-08,1.0,1.0
D,own,110,xi_differential,native_wheel,R44-P,True,True,True,True,True,0.13130643285972254,1.0,1.0
D,own,110,xi_differential,xi,R44-S,True,True,True,True,True,4.2697175194816424e-09,1.0,1.0
D,own,110,xi_differential,slip,R44-S,True,True,True,True,True,7.132678263103394e-08,1.0,1.0
D,own,110,xi_differential,base,R44-S,True,True,True,True,True,7.181058742981833e-09,1.0,1.0
D,own,110,xi_differential,normal_load,R44-S,True,True,True,True,True,3.6921057775616562e-09,1.0,1.0
D,own,110,native_common,native_wheel,R44-P,True,True,False,False,False,0.13399925785231936,1.0,1.0
D,own,110,native_common,xi,R44-P,True,True,False,False,False,0.2773500981126146,1.0,1.0
D,own,110,native_common,slip,R44-P,True,True,False,False,False,1.1931787994367922,1.0,1.0
D,own,110,native_common,base,R44-S,True,True,False,False,False,0.006994490842952273,1.0,1.0
D,own,110,native_common,normal_load,R44-P,True,True,False,False,False,1.0904253811400746,1.0,1.0
D,own,110,native_differential,native_wheel,R44-S,True,True,False,False,False,0.011671626574839679,1.0,1.0
D,own,110,native_differential,xi,R44-P,True,True,False,False,False,0.34921514788478913,1.0,1.0
D,own,110,native_differential,slip,R44-P,True,True,False,False,False,1.2132926136879605,1.0,1.0
D,own,110,native_differential,base,R44-P,True,True,False,False,False,1.7235943958497622,1.0,1.0
D,own,110,native_differential,normal_load,R44-P,True,True,False,False,False,0.8358201070377692,1.0,1.0
D,own,113,xi_common,native_wheel,R44-S,True,True,True,True,True,0.00012856870283624417,1.0,1.0
D,own,113,xi_common,xi,R44-S,True,True,True,True,True,5.920271059599776e-09,1.0,1.0
D,own,113,xi_common,slip,R44-S,True,True,True,True,True,6.220227576124173e-06,1.0,1.0
D,own,113,xi_common,base,R44-S,True,True,True,True,True,5.6523965767968375e-12,1.0,1.0
D,own,113,xi_common,normal_load,R44-S,True,True,True,True,True,6.542289697748812e-09,1.0,1.0
D,own,113,xi_differential,native_wheel,R44-S,True,True,True,True,True,0.00014883919078804975,1.0,1.0
D,own,113,xi_differential,xi,R44-S,True,True,True,True,True,4.042764606938677e-09,1.0,1.0
D,own,113,xi_differential,slip,R44-S,True,True,True,True,True,2.0303777493644582e-07,1.0,1.0
D,own,113,xi_differential,base,R44-S,True,True,True,True,True,1.2090362845495112e-08,1.0,1.0
D,own,113,xi_differential,normal_load,R44-S,True,True,True,True,True,2.1629351392331454e-08,1.0,1.0
D,own,113,native_common,native_wheel,R44-S,True,True,False,False,False,0.04714104341320114,1.0,1.0
D,own,113,native_common,xi,R44-P,True,True,False,False,False,0.6324555320336759,1.0,1.0
D,own,113,native_common,slip,R44-P,True,True,False,False,False,0.8340481479082161,1.0,1.0
D,own,113,native_common,base,R44-S,True,True,False,False,False,0.0035093851365240168,1.0,1.0
D,own,113,native_common,normal_load,R44-P,True,True,False,False,False,0.3027808008471598,1.0,1.0
D,own,113,native_differential,native_wheel,R44-S,True,True,False,True,False,0.0038222960094031738,1.0,1.0
D,own,113,native_differential,xi,R44-S,True,True,False,True,False,0.003510833468576701,1.0,1.0
D,own,113,native_differential,slip,R44-P,True,True,False,True,False,1.1052677938657696,1.0,1.0
D,own,113,native_differential,base,R44-P,True,True,False,True,False,0.16979977278636282,1.0,1.0
D,own,113,native_differential,normal_load,R44-P,True,True,False,True,False,1.5801590227586422,1.0,1.0
D,own,120,xi_common,native_wheel,R44-S,True,True,True,True,True,0.006414932869299117,1.0,1.0
D,own,120,xi_common,xi,R44-S,True,True,True,True,True,3.935607951398263e-09,1.0,1.0
D,own,120,xi_common,slip,R44-S,True,True,True,True,True,3.788014639655076e-06,1.0,1.0
D,own,120,xi_common,base,R44-S,True,True,True,True,True,1.3684973813746e-11,1.0,1.0
D,own,120,xi_common,normal_load,R44-S,True,True,True,True,True,4.53646698620256e-09,1.0,1.0
D,own,120,xi_differential,native_wheel,R44-S,True,True,True,True,True,0.001725480115381896,1.0,1.0
D,own,120,xi_differential,xi,R44-S,True,True,True,True,True,1.0014099176695753e-08,1.0,1.0
D,own,120,xi_differential,slip,R44-S,True,True,True,True,True,1.37961394338603e-07,1.0,1.0
D,own,120,xi_differential,base,R44-S,True,True,True,True,True,1.3570382019133969e-08,1.0,1.0
D,own,120,xi_differential,normal_load,R44-S,True,True,True,True,True,3.122960375677672e-10,1.0,1.0
D,own,120,native_common,native_wheel,R44-S,True,True,False,False,False,0.010955028976548166,1.0,1.0
D,own,120,native_common,xi,R44-P,True,True,False,False,False,1.0,1.0,1.0
D,own,120,native_common,slip,R44-P,True,True,False,False,False,1.6738949819946602,1.0,1.0
D,own,120,native_common,base,R44-S,True,True,False,False,False,0.011587252732336678,1.0,1.0
D,own,120,native_common,normal_load,R44-P,True,True,False,False,False,0.2579351610500153,1.0,1.0
D,own,120,native_differential,native_wheel,R44-S,True,True,False,False,False,0.008125635223001495,1.0,1.0
D,own,120,native_differential,xi,R44-P,True,True,False,False,False,1.5,1.0,1.0
D,own,120,native_differential,slip,R44-P,True,True,False,False,False,1.4485517813992566,1.0,1.0
D,own,120,native_differential,base,R44-P,True,True,False,False,False,1.2985364898901735,1.0,1.0
D,own,120,native_differential,normal_load,R44-P,True,True,False,False,False,0.25295024608226285,1.0,1.0
D,own,121,xi_common,native_wheel,R44-S,True,True,True,True,True,0.00817450830534042,1.0,1.0
D,own,121,xi_common,xi,R44-S,True,True,True,True,True,1.6231486963190577e-08,1.0,1.0
D,own,121,xi_common,slip,R44-S,True,True,True,True,True,8.178657369948593e-07,1.0,1.0
D,own,121,xi_common,base,R44-S,True,True,True,True,True,9.526144703053869e-11,1.0,1.0
D,own,121,xi_common,normal_load,R44-S,True,True,True,True,True,2.678015949633773e-08,1.0,1.0
D,own,121,xi_differential,native_wheel,R44-P,True,True,True,True,True,0.15977362537902504,1.0,1.0
D,own,121,xi_differential,xi,R44-S,True,True,True,True,True,7.117665441468851e-09,1.0,1.0
D,own,121,xi_differential,slip,R44-S,True,True,True,True,True,4.774204924744698e-08,1.0,1.0
D,own,121,xi_differential,base,R44-S,True,True,True,True,True,2.065366412537516e-08,1.0,1.0
D,own,121,xi_differential,normal_load,R44-S,True,True,True,True,True,1.1043821997210244e-09,1.0,1.0
D,own,121,native_common,native_wheel,R44-P,True,True,False,False,False,0.09119859882477335,1.0,1.0
D,own,121,native_common,xi,R44-S,True,True,False,False,False,0.011322097734007353,1.0,1.0
D,own,121,native_common,slip,R44-P,True,True,False,False,False,1.0,1.0,1.0
D,own,121,native_common,base,R44-P,True,True,False,False,False,0.1151382133249934,1.0,1.0
D,own,121,native_common,normal_load,R44-P,True,True,False,False,False,0.7500988750613876,1.0,1.0
D,own,121,native_differential,native_wheel,R44-S,True,True,False,False,False,0.042080918261423836,1.0,1.0
D,own,121,native_differential,xi,R44-S,True,True,False,False,False,0.01336885555457667,1.0,1.0
D,own,121,native_differential,slip,R44-P,True,True,False,False,False,0.7235575759359586,1.0,1.0
D,own,121,native_differential,base,R44-P,True,True,False,False,False,1.482065029477083,1.0,1.0
D,own,121,native_differential,normal_load,R44-P,True,True,False,False,False,0.897545093117193,1.0,1.0
D,own,124,xi_common,native_wheel,R44-S,True,True,True,True,True,0.027188246342872854,1.0,1.0
D,own,124,xi_common,xi,R44-S,True,True,True,True,True,1.1805791085694576e-08,1.0,1.0
D,own,124,xi_common,slip,R44-S,True,True,True,True,True,3.526795712472317e-06,1.0,1.0
D,own,124,xi_common,base,R44-S,True,True,True,True,True,1.4437012395888589e-11,1.0,1.0
D,own,124,xi_common,normal_load,R44-S,True,True,True,True,True,9.047934862607329e-10,1.0,1.0
D,own,124,xi_differential,native_wheel,R44-S,True,True,True,True,True,0.007519326396325702,1.0,1.0
D,own,124,xi_differential,xi,R44-S,True,True,True,True,True,8.811389909820788e-09,1.0,1.0
D,own,124,xi_differential,slip,R44-S,True,True,True,True,True,2.036390650779522e-07,1.0,1.0
D,own,124,xi_differential,base,R44-S,True,True,True,True,True,4.2638078913509866e-08,1.0,1.0
D,own,124,xi_differential,normal_load,R44-S,True,True,True,True,True,2.422544731924237e-09,1.0,1.0
D,own,124,native_common,native_wheel,R44-S,True,True,True,False,False,0.016796519371637154,1.0,1.0
D,own,124,native_common,xi,R44-S,True,True,True,False,False,0.01790180836524724,1.0,1.0
D,own,124,native_common,slip,R44-P,True,True,True,False,False,0.9999985091346706,1.0,1.0
D,own,124,native_common,base,R44-P,True,True,True,False,False,0.056862148079803006,1.0,1.0
D,own,124,native_common,normal_load,R44-P,True,True,True,False,False,0.2033412213701948,1.0,1.0
D,own,124,native_differential,native_wheel,R44-S,True,True,False,False,False,0.01271247060215291,1.0,1.0
D,own,124,native_differential,xi,R44-P,True,True,False,False,False,1.5811388300841895,1.0,1.0
D,own,124,native_differential,slip,R44-P,True,True,False,False,False,0.9951370663922993,1.0,1.0
D,own,124,native_differential,base,R44-P,True,True,False,False,False,0.8323137870060273,1.0,1.0
D,own,124,native_differential,normal_load,R44-P,True,True,False,False,False,0.28102864418586737,1.0,1.0
