tick,time_s,profile,status,solver_status,hard,wbc_time_s,contact_left,contact_right,planner_xi,planner_dxi,planner_ddxi,xi_common,dxi_common,xi_differential,dxi_differential,common_error,differential_error,max_normalized_slack,max_wrench_residual,max_torque,tau0,tau1,tau2,tau3,tau4,tau5
0,0.01,step,0,0,8.0973083793622891e-10,0.00084759600000000005,1,1,-0.011157172669780779,0,0,-0.011157172669780779,0,-0.0015835231741306577,0,0,0,8.8130268355149471e-07,4.4064968735622824e-05,3.239377422853265,-0.043318239381357912,-3.1437734981156691,2.0013469629107204e-07,0.040224951165823877,-3.239377422853265,2.1155571215053248e-07
1,0.020000000000000004,step,0,0,1.069053819535877e-10,0.00042708600000000002,1,1,-0.011157172669780779,0,0,-0.01115706936824664,1.8493855180852776e-05,-0.0015835442032597321,-3.2660469091944588e-06,-1.0330153413923293e-07,2.1029129074374986e-08,1.0221696723900064e-06,5.110849881079177e-05,3.2393851010259462,-0.043348139575730284,-3.1437833966262039,2.0107619588215672e-07,0.040225185022215629,-3.2393851010259462,2.1247070208359339e-07
2,0.030000000000000013,step,0,0,1.9252841064031773e-10,0.00040150199999999998,1,1,-0.011157172669780779,0,0,-0.011156768473987277,3.9406062848706499e-05,-0.0015835811273467839,-3.7229647834554365e-06,-4.0419579350192691e-07,5.795321612617893e-08,1.3429210886091538e-06,6.7146086511280884e-05,3.2394135722144939,-0.043369188393930426,-3.1437773935752169,2.0182771211919552e-07,0.040208733257544878,-3.2394135722144939,2.132359496811337e-07
3,0.040000000000000022,step,0,0,1.7368773086445799e-11,0.00042002899999999999,1,1,-0.011157172669780779,0,0,-0.011156244998621227,6.2880129078352845e-05,-0.001583609812938409,-1.9885550018985262e-06,-9.2767115955280643e-07,8.6638807751324154e-08,1.836606368443622e-06,9.1830322282449297e-05,3.2394606157154477,-0.043382952176559207,-3.1437580616678855,2.0197796698244489e-07,0.040176406634574315,-3.2394606157154477,2.1339814254289148e-07
4,0.050000000000000031,step,0,0,2.0487167518012939e-11,0.00040432400000000001,1,1,-0.011157172669780779,0,0,-0.011155473113867383,8.8974773539849598e-05,-0.0015836106719943135,1.5537525813390547e-06,-1.699555913396017e-06,8.7497863655860986e-08,2.4211713114084033e-06,0.00012105857021339461,3.2395263482374186,-0.043390166025940244,-3.1437278345915938,2.029993719294083e-07,0.040128320436811221,-3.2395263482374186,2.1444295035797144e-07
5,0.060000000000000039,step,0,0,2.3896440382031869e-11,0.00041421200000000001,1,1,-0.011157172669780779,0,0,-0.011154426170622405,0.00011780129893034728,-0.0015835676839906984,6.560385850058303e-06,-2.7464991583740078e-06,4.4509860040731208e-08,3.1147126319708969e-06,0.00015573563707526819,3.2396096587277774,-0.043391656222746239,-3.143687718667886,2.0440138992815812e-07,0.040064550954882469,-3.2396096587277774,2.1587899631265655e-07
6,0.070000000000000048,step,0,0,2.7631119614568433e-11,0.00040424100000000001,1,1,-0.011157172669780779,0,0,-0.011153075738241754,0.00014959685882910294,-0.0015834680377175246,1.2727983596196274e-05,-4.0969315390250449e-06,-5.513641313306672e-08,4.0634562621507084e-06,0.0002031728125453366,3.2397099841570109,-0.043388411496311216,-3.143639181765872,2.0616299998538669e-07,0.039985122036195628,-3.2397099841570109,2.1768463999489527e-07
7,0.080000000000000057,step,0,0,3.1817104506615124e-11,0.00041868299999999999,1,1,-0.011157172669780779,0,0,-0.011151390041551773,0.00018477678737203616,-0.0015833015839488802,1.9818018168999365e-05,-5.7826282290063258e-06,-2.2159018177748263e-07,5.2018511879649003e-06,0.00026009255874668972,3.2398269390170498,-0.043381486797650713,-3.1435837383050913,2.0825274382458776e-07,0.039889787622293886,-3.2398269390170498,2.1982795085892061e-07
8,0.090000000000000066,step,0,0,3.6612934906088412e-11,0.00040153699999999999,1,1,-0.011157172669780779,0,0,-0.011149331989342785,0.00022396829023984337,-0.0015830601079453166,2.7669341394504242e-05,-7.8406804379944212e-06,-4.6306618534108779e-07,6.4307288179593969e-06,0.00032153644016462527,3.2399604116827079,-0.043371940269835013,-3.1435229188467293,2.106307763569741e-07,0.039777876404275783,-3.2399604116827079,2.2226885595992271e-07
9,0.10000000000000007,step,0,0,4.2206238504149951e-11,0.00040121800000000001,1,1,-0.011157172669780779,0,0,-0.01114685691875477,0.00026803588971932297,-0.001582736547217291,3.6199206647629913e-05,-1.0315751026009068e-05,-7.8662691336672114e-07,7.7318073208780696e-06,0.00038659036523423291,3.2401106532544195,-0.04336081245410528,-3.1434582465805763,2.1325131044243958e-07,0.039648184852846075,-3.2401106532544195,2.2496163993253638e-07
10,0.11000000000000008,step,0,0,4.881461901362627e-11,0.00040543000000000003,1,1,-0.011157172669780779,0,0,-0.011143910101859458,0.00031810472003825156,-0.0015823242357757335,4.539859039337041e-05,-1.3262567921321078e-05,-1.1989383549241422e-06,9.0868199471753871e-06,0.00045434099647588316,3.2402783595144875,-0.043349132725295461,-3.1433912236547847,2.1606503241841562e-07,0.039498895577294434,-3.2402783595144875,2.2785739068173313e-07
11,0.12000000000000009,step,0,0,5.668743252584818e-11,0.00040022899999999999,1,1,-0.011157172669780779,0,0,-0.011140424009759949,0.00037558611716604473,-0.0015818162038911026,5.5326373460836168e-05,-1.6748660020830114e-05,-1.7069702395551209e-06,1.0477997910521108e-05,0.00052389989457047258,3.2404647531675961,-0.043337938499014073,-3.1433233237207032,2.1902125542425587e-07,0.039327499874002574,-3.2404647531675961,2.3090618130060234e-07
12,0.13000000000000009,step,0,0,6.6111560670378822e-11,0.00039975699999999999,1,1,-0.011157172669780779,0,0,-0.011136315292399982,0.00044220873820578017,-0.0015812045290075211,6.6104896965006707e-05,-2.0857377380797612e-05,-2.3186451231366201e-06,1.1888555582891818e-05,0.00059442777811400381,3.240671673002502,-0.043328298647332703,-3.1432559873706643,2.2206970688136319e-07,0.03913071021803486,-3.240671673002502,2.3405888553031949e-07
13,0.1400000000000001,step,0,0,7.7417516841649103e-11,0.000405315,1,1,-0.011157172669780779,0,0,-0.011131481405079894,0.00052005759993289772,-0.0015804797171929553,7.7917971467849029e-05,-2.5691264700885771e-05,-3.0434569377024018e-06,1.3303154751628295e-05,0.00066515773647036862,3.2409016749822728,-0.043321337281167348,-3.1431906185016549,2.2516187998539168e-07,0.038904353849737526,-3.2409016749822728,2.3726857184094224e-07
14,0.15000000000000011,step,0,0,9.0987217760130079e-11,0.00048580500000000002,1,1,-0.011157172669780779,0,0,-0.011125796792169721,0.00061162287587252775,-0.0015796300886031268,9.1011642495530953e-05,-3.1375877611058631e-05,-3.8930855275308429e-06,1.4708343157711474e-05,0.00073541715668505787,3.2411581490480748,-0.043318256788423826,-3.1431285805975815,2.2825193449628872e-07,0.038643241726401517,-3.2411581490480748,2.404914546691783e-07
15,0.16000000000000011,step,0,0,1.0726342036804226e-10,0.00047612700000000002,1,1,-0.011157172669780779,0,0,-0.011119108522218858,0.00071985995393705174,-0.0015786411395323089,0.00010569768733551953,-3.8064147561921863e-05,-4.8820345983488153e-06,1.6092972550446444e-05,0.00080464862621929835,3.2414454547782996,-0.043320360243299931,-3.1430711923004373,2.3129711136432538e-07,0.038341008503649743,-3.2414454547782996,2.4368738103649146e-07
16,0.17000000000000012,step,0,0,1.2676137917111419e-10,0.00026007200000000003,1,1,-0.011157172669780779,0,0,-0.011111231254942594,0.00084826204755738036,-0.0015774948544330786,0.00012235974064991038,-4.5941414838185368e-05,-6.0283196975791098e-06,1.7448607075121516e-05,0.000872430352332857,3.2417690788219753,-0.043329073591055679,-3.1430197215353499,2.3425762814196953e-07,0.037989919542219738,-3.2417690788219753,2.4681981305835919e-07
17,0.18000000000000013,step,0,0,1.5007795006738434e-10,0.00025442599999999998,1,1,-0.011157172669780779,0,0,-0.011101941408647661,0.0010009464826510361,-0.0015761689421046636,0.00014146198907418329,-5.5231261133117937e-05,-7.3542320259941188e-06,1.8769936595304909e-05,0.00093849682819879755,3.2421358170147374,-0.04334596774633457,-3.1429753769645883,2.3709599413499831e-07,0.037580640706301079,-3.2421358170147374,2.498552436208005e-07
18,0.19000000000000014,step,0,0,1.7790657835803358e-10,0.00025167400000000002,1,1,-0.011157172669780779,0,0,-0.011090970386699039,0.0011827555546629041,-0.0015746359703438196,0.00016356046410405021,-6.6202283081739921e-05,-8.8872037868380563e-06,2.0055213221703765e-05,0.0010027606593462793,3.2425539841023414,-0.043372780104399655,-3.1429392946985302,2.3977560675482699e-07,0.03710196626517024,-3.2425539841023414,2.5276192621245693e-07
19,0.20000000000000015,step,0,0,2.1104740177690928e-10,0.00025634300000000002,1,1,-0.011157172669780779,0,0,-0.011077996714819884,0.0013993724505228086,-0.0015728623724838194,0.00018931705957080189,-7.9175954960895856e-05,-1.066080164683833e-05,2.1306733912288136e-05,0.0010653366936666134,3.2430336538693294,-0.043411433988438136,-3.1429125169372503,2.4225846594068297e-07,0.036540499770875576,-3.2430336538693294,2.5550773835611826e-07
20,0.21000000000000016,step,0,0,2.5042101725603061e-10,0.00026612899999999999,1,1,-0.011157172669780779,0,0,-0.011062636939872018,0.0016574520123654518,-0.0015708072974686777,0.00021951648671860325,-9.4535729908761662e-05,-1.2715876661979937e-05,2.2531398377877556e-05,0.0011265699166924349,3.2435869320136561,-0.043464053159721273,-3.142895957422164,2.4450171272247719e-07,0.035880282568371842,-3.2435869320136561,2.5805690330643742e-07
21,0.22000000000000017,step,0,0,2.9707625248676095e-10,0.00025341900000000001,1,1,-0.011157172669780779,0,0,-0.011044435149552214,0.001964764881793985,-0.0015684212725566096,0.00025508644757768831,-0.00011273752022856499,-1.510190157404806e-05,2.3741380375938472e-05,0.0011870690162873235,3.2442282630893566,-0.043532966510969134,-3.1428903460167277,2.4645259824029889e-07,0.03510236482785712,-3.2442282630893566,2.6036517379254925e-07
22,0.23000000000000018,step,0,0,3.5219849259249258e-10,0.000251322,1,1,-0.011157172669780779,0,0,-0.01102285099786063,0.0023303515238352942,-0.0015656446446470369,0.00029712135209782747,-0.00013432167192014947,-1.7878529483620828e-05,2.4954962716884844e-05,0.0012477481329606136,3.2449747709573709,-0.043620695138082685,-3.1428961410709282,2.4804130203115324e-07,0.034184314966627438,-3.2449747709573709,2.6237290837332416e-07
23,0.24000000000000019,step,0,0,4.171057943480605e-10,0.00025167599999999999,1,1,-0.011157172669780779,0,0,-0.010997246173369562,0.0027646793973654191,-0.0015624057627829854,0.00034690992823007555,-0.00015992649641121716,-2.1117411347672255e-05,2.6197602832383709e-05,0.0013098801382824287,3.2458466290350656,-0.043729909660091167,-3.1429133929526927,2.4917080366917382e-07,0.033099665430075524,-3.2458466290350656,2.6399524643127148e-07
24,0.25000000000000017,step,0,0,4.9323811701640352e-10,0.00024899600000000003,1,1,-0.011157172669780779,0,0,-0.010966869340996204,0.0032797915871639908,-0.0015586188607387167,0.00040596709176773851,-0.00019030332878457526,-2.4904313391940942e-05,2.7503317437004695e-05,0.0013751658679657514,3.2468674517044378,-0.04386333920096995,-3.1429415345146277,2.4970270340112244e-07,0.031817296494289639,-3.2468674517044378,2.6510829021381082e-07
25,0.26000000000000018,step,0,0,5.8212235032328863e-10,0.00025283800000000002,1,1,-0.011157172669780779,0,0,-0.010930839743978023,0.0038894278717509041,-0.0015541815945581136,0.00047607050195869628,-0.0002263329258027566,-2.934157957254404e-05,2.8916501956221907e-05,0.0014458250932661697,3.2480646909487323,-0.044023603732421077,-3.1429790632326418,2.4943750220798469e-07,0.030300765500986357,-3.2480646909487323,2.6552981019845312e-07
26,0.27000000000000018,step,0,0,6.8531147423556149e-10,0.000250416,1,1,-0.011157172669780779,0,0,-0.010888129899130357,0.0046090887122504608,-0.0015489721844074286,0.00055930245382660587,-0.00026904277065042254,-3.4550989723229099e-05,3.049433138135268e-05,0.0015247165637283051,3.2494700121087989,-0.044212926762827801,-3.1430230637326395,2.4808734149965958e-07,0.028507596953579916,-3.2494700121087989,2.6499249363456144e-07
27,0.28000000000000019,step,0,0,8.042828625320908e-10,0.00025987599999999998,1,1,-0.011157172669780779,0,0,-0.010837548190432263,0.0054559983605566454,-0.0015428460999600468,0.00065809843750717738,-0.00031962447934851673,-4.0677074170610873e-05,3.2309918159601339e-05,0.0016154959016874127,3.2511196095006847,-0.044432662909013002,-3.1430684960888589,2.4523861815558715e-07,0.026388558507981129,-3.2511196095006847,2.6310716778876791e-07
28,0.2900000000000002,step,0,0,5.9750645542422376e-09,0.00027295999999999999,1,1,-0.011157172669780779,0,0,-0.010826458566374207,-0.0047915554675856641,-0.001513282591058698,0.0039325787940543387,-0.00033071410340657255,-7.0240583071959697e-05,3.8497592009536006e-05,0.0019248796980290278,3.2571225269204103,-0.020263624549265898,-3.1290372917553633,3.6086078661184515e-07,0.017209208867978203,-3.2571225269204103,3.9456099720468395e-07
29,0.30000000000000021,step,0,0,8.194021239305016e-09,0.000258531,1,1,-0.011157172669780779,0,0,-0.010950231577587358,-0.017329959917209082,-0.0014800019707573624,0.0029764712523740943,-0.00020694109219342172,-0.00010352120337329528,2.3205056894396836e-05,0.0011602528283184625,3.2498081447911504,-0.011644232899891829,-3.123755994876773,2.3665131768235492e-07,0.029860012850363743,-3.2498081447911504,2.681202562544871e-07
30,0.31000000000000022,step,0,0,5.0562416475941063e-09,0.00025738900000000001,1,1,-0.011157172669780779,0,0,-0.011160752528669257,-0.023546738483726251,-0.0014532819731724418,0.0025138720858858769,3.5798588884777827e-06,-0.0001302412009582159,1.9372932525287953e-05,0.00096864662060557787,3.245105444143026,-0.0051056531756096422,-3.1193635457406614,-2.0580438487908306e-07,0.037059836031010235,-3.245105444143026,-1.7484605571965567e-07
31,0.32000000000000023,step,0,0,1.154054307744509e-09,0.000257567,1,1,-0.011157172669780779,0,0,-0.011399303229160402,-0.021948164971526615,-0.0014406785554725351,-0.0014626097947058776,0.00024213055937962261,-0.0001428446186581226,6.0092562943379757e-05,0.0030046282533741065,3.233439951319514,-0.02071399821313186,-3.1276635361458793,-8.190653848746706e-07,0.055389862886825514,-3.233439951319514,-8.0447702911970046e-07
32,0.33000000000000024,step,0,0,6.4223213414038582e-09,0.00025489099999999998,1,1,-0.011157172669780779,0,0,-0.011556623728704864,-0.0094349671306994606,-0.0014943524303290649,-0.0059860536136936383,0.00039945105892408468,-8.9170743801592761e-05,0.00016496591990138588,0.008248296134279038,3.222623304166663,-0.052327579011496102,-3.1455541401257481,-1.431586366292136e-06,0.071778378690770403,-3.222623304166663,-1.439410147374101e-06
33,0.34000000000000025,step,0,0,8.1930312534339578e-09,0.00025155300000000001,1,1,-0.011157172669780779,0,0,-0.011566624738973345,0.0044605975625919801,-0.0015376991779740513,-0.0033140622311702284,0.00040945206919256599,-4.5823996156606379e-05,0.00011482467092944489,0.0057412334848795099,3.2332108135491739,-0.053675869149079791,-3.1462590822264951,-1.7441449607754807e-06,0.05270797455924095,-3.2332108135491739,-1.7429408459083752e-06
34,0.35000000000000026,step,0,0,4.8489728898815088e-09,0.00026695199999999999,1,1,-0.011157172669780779,0,0,-0.011478174999345378,0.011667253297091326,-0.0015608852220166079,-0.0017015507974473274,0.00032100232956459862,-2.2637952114049759e-05,8.3179392030793757e-05,0.0041589695638992383,3.2402304000474875,-0.054376986601506437,-3.1469717846224481,-1.6773592758833694e-06,0.040813042184850171,-3.2402304000474875,-1.6705517832032128e-06
35,0.36000000000000026,step,0,0,2.7243057809656079e-09,0.00025633299999999997,1,1,-0.011157172669780779,0,0,-0.011342475490794264,0.014786615349182613,-0.0015719113307098636,-0.00072842450854797205,0.00018530282101348466,-1.1611843420794056e-05,6.2922677973185708e-05,0.0031461338752432092,3.24490705328583,-0.054518917909281671,-3.1475221706731098,-1.4231146750829154e-06,0.033415476656255889,-3.24490705328583,-1.412738422089908e-06
36,0.37000000000000027,step,0,0,1.4366055012260404e-09,0.00025786100000000002,1,1,-0.011157172669780779,0,0,-0.011189890237422222,0.015560395686738311,-0.0015755638399620022,-0.00013484165522483806,3.2717567641442347e-05,-7.9593341686555116e-06,4.977646039483252e-05,0.0024888230047219297,3.2481162127876217,-0.054259550194877403,-3.1478805207705198,-1.0997773891731213e-06,0.028739273170080716,-3.2481162127876217,-1.0870178937678137e-06
37,0.38000000000000028,step,0,0,7.1692585201788006e-10,0.000251666,1,1,-0.011157172669780779,0,0,-0.011036990767792576,0.015129778849839678,-0.0015746571090047984,0.00023782322326388466,-0.00012018190198820333,-8.8660651258593015e-06,4.1187279354740495e-05,0.0020593639572418542,3.2504719768844592,-0.053764835513142845,-3.1480769414651406,-7.7670066107124826e-07,0.025611439383475716,-3.2504719768844592,-7.6221450594657814e-07
38,0.39000000000000029,step,0,0,3.1354006058137429e-09,0.00026811599999999999,1,1,-0.011157172669780779,0,0,-0.010914242512339523,0.0085253252498723106,-0.0015511259604420622,0.0054030006108128558,-0.00024293015744125679,-3.2397213688595446e-05,7.3543332856116703e-05,0.0036771667889617548,3.2634994908804464,-0.025453937771974595,-3.1320990504861572,-4.4142666156579881e-07,0.0044917258935834809,-3.2634994908804464,-4.033906280473463e-07
39,0.4000000000000003,step,0,0,9.190985528206852e-09,0.00026228100000000001,1,1,-0.011157172669780779,0,0,-0.010915085990675463,-0.0070342986855684653,-0.0014891451726628882,0.005687607690084054,-0.00024208667910531612,-9.4378001467769479e-05,9.5080519251878153e-05,0.0047540259875556417,3.2605274185991355,-0.0082616206109335389,-3.1223399496074302,-1.9458990303165803e-07,0.010428939038531895,-3.2605274185991355,-1.5187496726178568e-07
40,0.41000000000000031,step,0,0,4.6403612063983246e-09,0.00026170300000000001,1,1,-0.011157172669780779,0,0,-0.011037259875755868,-0.013564382049923648,-0.0014510598720482168,0.00079325248672381179,-0.00011991279402491159,-0.00013246330208244086,3.189346709095124e-06,0.00015946654769565118,3.2453419641998655,-0.021316066440381892,-3.1296662772155037,-3.8806205356553682e-07,0.035786055780514345,-3.2453419641998655,-3.6421132949450171e-07
41,0.42000000000000032,step,0,0,2.7716698595483722e-09,0.00026090899999999998,1,1,-0.011157172669780779,0,0,-0.011155874921220998,-0.010842521742549648,-0.0014957572730824016,-0.0079914159519473491,-1.2977485597809313e-06,-8.7765901048256038e-05,0.0001908992019485214,0.0095449603522193855,3.220134927525427,-0.064470565764129906,-3.1546165069958336,-7.349331649915217e-07,0.077424517505194801,-3.220134927525427,-7.5125852180202448e-07
42,0.43000000000000033,step,0,0,7.303346927223231e-09,0.00025628400000000001,1,1,-0.011157172669780779,0,0,-0.011187533719913996,0.001821578760828091,-0.0015547950543264629,-0.0046179190875438609,3.0361050133216605e-05,-2.8728119804194777e-05,0.00012859511427692653,0.0064297556380183505,3.2310094940627039,-0.062690433423605724,-3.1535422957772448,-1.1418925433698925e-06,0.05751347130826534,-3.2310094940627039,-1.1470337274526716e-06
43,0.44000000000000034,step,0,0,4.4380714658842635e-09,0.00025141999999999997,1,1,-0.011157172669780779,0,0,-0.011127724986160489,0.0086872495567178864,-0.0015884569996319148,-0.0025939946171862067,-2.9447683620290738e-05,4.9338255012571289e-06,9.0419715085828228e-05,0.0045209857087209126,3.2382201175527769,-0.061770203537761172,-3.1532878733536056,-1.2065112388774286e-06,0.045118168383262124,-3.2382201175527769,-1.2048355770824518e-06
44,0.45000000000000034,step,0,0,1.5036872857976391e-09,0.000252148,1,1,-0.011157172669780779,0,0,-0.011024425142131929,0.010139377671035763,-0.0016035958557878175,0.00026728151761892457,-0.00013274752764885073,2.0072681657159856e-05,3.1385918764602929e-05,0.0015692958657677809,3.246703412569194,-0.052238285436364204,-3.1482015456650969,-1.07349513503166e-06,0.031222516066089081,-3.246703412569194,-1.0603305163882962e-06
45,0.46000000000000035,step,0,0,3.9847365407297275e-09,0.00025560399999999999,1,1,-0.011157172669780779,0,0,-0.010966922169276947,0.0028416738973163162,-0.0015500708902167213,0.008753890878736589,-0.00019025050050383227,-3.3452283913936419e-05,0.00016404113623200115,0.0082020570575158137,3.2688012685251566,-0.0058098975714255298,-3.1215682215102931,-9.0288969342309259e-07,-0.0055848819881329165,-3.2688012685251566,-8.5026772168286043e-07
46,0.47000000000000036,step,0,0,2.3638437873785278e-09,0.000252475,1,1,-0.011157172669780779,0,0,-0.010963812946210738,-0.0012294932681202846,-0.0014682410905297299,0.0044564542195116852,-0.00019335972357004128,-0.0001152820836009278,9.3747184632512846e-05,0.0046873591383922303,3.2595818178574314,-0.016139918594106087,-3.1274915105462786,-8.8184609650044707e-07,0.010709537471675117,-3.2595818178574314,-8.4300561672789158e-07
47,0.48000000000000037,step,0,0,2.9131073705147753e-09,0.00025853200000000001,1,1,-0.011157172669780779,0,0,-0.010989199755112294,-0.003442666201188823,-0.0014816620900751989,-0.0051654197767694934,-0.00016797291466848566,-0.00010186108405545874,0.00011297027864552257,0.0056485142002060985,3.2326293711531644,-0.058099042056232564,-3.152001873192432,-9.3562433114555546e-07,0.056486596807930278,-3.2326293711531644,-9.3873910641009035e-07
48,0.49000000000000038,step,0,0,1.5646126616530864e-09,0.00025425900000000001,1,1,-0.011157172669780779,0,0,-0.011018709800161428,-0.0004893372866811331,-0.0015618180182323084,-0.0081098508493129308,-0.00013846286961935114,-2.1705155898349253e-05,0.0001924329850277907,0.0096216493563890827,3.2221439688628712,-0.078826723327763332,-3.1642408357976288,-1.1530017085834827e-06,0.07345885795468432,-3.2221439688628712,-1.1732084037107504e-06
49,0.50000000000000033,step,0,0,3.3691367118425703e-09,0.00025828500000000002,1,1,-0.011157172669780779,0,0,-0.011032535192253744,-0.0020233551629269949,-0.001573436792562939,0.0033770984375343293,-0.00012463747752703563,-1.008638156771869e-05,5.3567451191263452e-05,0.0026783728695074097,3.2507124518930404,-0.027210698702637176,-3.1345259252710895,-1.2957393188441755e-06,0.02443289791478688,-3.2507124518930404,-1.2672877172556067e-06
50,0.51000000000000034,step,0,0,5.8079731024562875e-09,0.00025065200000000003,1,1,-0.01110717266978078,0.0050000000000000001,0.5,-0.011018208700513085,0.00504020390345041,-0.0015280579539052961,0.0041809684192464138,-8.8963969267694815e-05,-5.5465220225361586e-05,8.3721421777402643e-05,0.0041860711225706624,3.2511041511758556,-0.013242215693359042,-3.1268036918958004,-1.1623167514848526e-06,0.024797686614593348,-3.2511041511758556,-1.1278446111681792e-06
51,0.52000000000000035,step,0,0,3.5802988351818499e-09,0.00028027400000000001,1,1,-0.01100717266978078,0.01,0.5,-0.010894861660706568,0.01588607222124569,-0.0014961869544858194,0.0014645406740934029,-0.00011231100907421222,-8.7336219644838266e-05,3.3976733532370927e-05,0.0016988366125837303,3.2486833848054335,-0.027830016734238509,-3.135511342951713,-1.0720548452886227e-06,0.029690993062316397,-3.2486833848054335,-1.0472899280068383e-06
52,0.53000000000000036,step,0,0,8.4930860122511831e-09,0.00025670199999999998,1,1,-0.010857172669780779,0.014999999999999999,0.49999999999999989,-0.010789777791633955,0.0069819551137700157,-0.0014830810185375281,0.0012277054277139259,-6.7394878146824488e-05,-0.00010044215559312959,3.3728637757017735e-05,0.0016864318837420415,3.2432085882392219,-0.017506720254045774,-3.1303069426092374,-5.7253071714695478e-07,0.040226413632741889,-3.2432085882392219,-5.4801066473188297e-07
53,0.54000000000000037,step,0,0,4.6086036098458294e-09,0.00025703299999999999,1,1,-0.010670652356527664,0.018652031325311444,0.36520313253114445,-0.01067342434483582,0.016099915558469676,-0.0015194163272823627,-0.0056312797582681083,2.7719883081561703e-06,-6.410684684829502e-05,0.00012016718020890085,0.0060083592093965387,3.2272635025940248,-0.056655469181904256,-3.1531724731612347,-4.8284461007356629e-07,0.067248433233218413,-3.2272635025940248,-4.8969576841885424e-07
54,0.55000000000000038,step,0,0,4.912629414377534e-09,0.00026385299999999998,1,1,-0.010459735696574579,0.02109166599530855,0.24396346699971058,-0.010452806269513861,0.024063115483269143,-0.0015408639720915565,0.0017439978748068543,-6.929427060717655e-06,-4.2659202039101174e-05,3.5871390725044512e-05,0.0017935697329177003,3.2498211719695167,-0.03198067889059511,-3.1394705239885279,-1.9053424324528739e-07,0.029005945718536662,-3.2498211719695167,-1.6688995520191032e-07
55,0.56000000000000039,step,0,0,3.0400206796343809e-09,0.00025686900000000001,1,1,-0.010233884822999424,0.02258508735751542,0.14934213622068704,-0.010191170078393595,0.028239081965805542,-0.0014980910656881546,0.0031381344364010168,-4.2714744605829372e-05,-8.543210844250311e-05,7.8124859473738246e-05,0.0039062430254066154,3.2587339645667357,-0.027105015812937654,-3.1371774111237198,3.0031090753634044e-07,0.015038278385213519,-3.2587339645667357,3.3241826433706518e-07
56,0.5700000000000004,step,0,0,2.3060748687313618e-09,0.00025645699999999997,1,1,-0.010000419607107703,0.023346521589172081,0.076143423165666094,-0.0099264921133914181,0.0240184184332808,-0.0015183638814410105,-0.004357500418554568,-7.3927493716284542e-05,-6.5159292689647222e-05,8.7675702255123414e-05,0.0043837853223062653,3.2384230919130252,-0.060299251090639119,-3.1573081641414809,1.0159293948538751e-06,0.051304665322862264,-3.2384230919130252,1.0148346979402322e-06
57,0.5800000000000004,step,0,0,2.5672831638345883e-09,0.00025550699999999998,1,1,-0.0097649404767657325,0.023547913034197,0.020139144502491838,-0.0096783179072265808,0.027299449371938629,-0.0015102740455647775,0.0024918013590585538,-8.6622569539151692e-05,-7.3249128565880221e-05,6.457175703031722e-05,0.0032285880423860939,3.2594274481533807,-0.033018943091418756,-3.142206257524208,1.4361060783022228e-06,0.016105280494872226,-3.2594274481533807,1.4649320118673775e-06
58,0.59000000000000041,step,0,0,3.2929156068561838e-09,0.00025346100000000002,1,1,-0.0095316721212587632,0.023326835550696982,-0.022107748350001788,-0.0094428049997572448,0.020528177758992575,-0.0015160452247347384,0.00022815896563583432,-8.8867121501518334e-05,-6.7477949395919334e-05,1.577785904502747e-05,0.00078889288770793474,3.2521286227441104,-0.039877436694706718,-3.1470643555128452,2.0826159866868623e-06,0.030039909263517427,-3.2521286227441104,2.101458347629176e-06
59,0.60000000000000042,step,0,0,4.01575417363631e-09,0.00025373600000000001,1,1,-0.0093037425384893974,0.022792958276936549,-0.053387727376043304,-0.0091890608762515077,0.025962437863724628,-0.001511436969806791,0.00056787434454312613,-0.00011468166223788968,-7.2086204323866705e-05,2.5564879512572832e-05,0.0012782439870749351,3.2572427845728247,-0.043701314106868325,-3.1498426158236574,2.4580712303853236e-06,0.022241452470254022,-3.2572427845728247,2.4787773957618377e-06
60,0.61000000000000043,step,0,0,3.6673885039917309e-09,0.000251504,1,1,-0.009083409268221888,0.022033327026751023,-0.075963125018552527,-0.008985376216161009,0.018693370940285524,-0.0015192585920736244,-0.0010455138301420676,-9.803305206087902e-05,-6.4264582057033288e-05,9.9688099389457458e-06,0.00049844054380062492,3.2511148963510839,-0.047293972353298769,-3.1527266196253123,3.0018754656426323e-06,0.033989581763243959,-3.2511148963510839,3.0153134427593333e-06
61,0.62000000000000044,step,0,0,1.442576169630172e-09,0.00025273400000000001,1,1,-0.0088722425124345191,0.021116675578736928,-0.091665144801409554,-0.0087711565508636399,0.019997082196215606,-0.0015081003272126286,0.0030349429792807091,-0.00010108596157087923,-7.5422846918029099e-05,8.3686877348865892e-05,0.0041843439834794768,3.2642036675995061,-0.030646955982712758,-3.1437301758065974,3.3137634353464868e-06,0.012392836754126146,-3.2642036675995061,3.3454696958722621e-06
62,0.63000000000000045,step,0,0,1.7418421629690059e-09,0.00025394099999999999,1,1,-0.0086712730865109566,0.020096942592356268,-0.10197329863806601,-0.0085820050700717854,0.01829197368482716,-0.0015252485643876728,-0.0025817859157880561,-8.9268016439171191e-05,-5.8274609742984922e-05,4.2357919977907603e-05,0.0021178961571259435,3.2495534541124123,-0.056896497412470534,-3.1594233618468417,3.6718667495525729e-06,0.038555126134325157,-3.2495534541124123,3.6786592098281024e-06
63,0.64000000000000046,step,0,0,1.9233755326709829e-09,0.00025444999999999998,1,1,-0.0084811117038932193,0.019016138261773806,-0.10808043305824619,-0.0083936012888652985,0.019234408072266514,-0.0015036074837191152,0.0035986751376321305,-8.7510415027920729e-05,-7.9915690411542454e-05,0.00010208676221304923,0.0051043382878811008,3.2680595071216274,-0.029757489937851166,-3.1444236336928966,3.8744218937723427e-06,0.0072961452223575217,-3.2680595071216274,3.9090704002480771e-06
64,0.65000000000000047,step,0,0,6.9881783601611553e-10,0.00025186700000000002,1,1,-0.0083020449152154466,0.017906678867777213,-0.11094593939965924,-0.0081984928295291536,0.019067525426705655,-0.0014859072362156367,0.0011230116410147935,-0.00010355208568629294,-9.7615937915020937e-05,5.9063887922908973e-05,0.0029531943318002658,3.2636997406162092,-0.040870969700281264,-3.1515722437819162,4.133959454410065e-06,0.01567309941028134,-3.2636997406162092,4.159109244780915e-06
65,0.66000000000000048,step,0,0,9.3130814171615839e-10,0.000255691,1,1,-0.0081341120542773281,0.0167932860938118,-0.11133927739654138,-0.0080235703752633385,0.016495442538941155,-0.0014748791511374594,0.001106046038951515,-0.00011054167901398959,-0.00010864402299319825,7.2527623291854509e-05,0.0036263811648266833,3.264060728095787,-0.039607207695678034,-3.1518876373214395,4.3563896882637315e-06,0.015580299384000023,-3.264060728095787,4.3821842245263968e-06
66,0.67000000000000048,step,0,0,5.847256012714297e-10,0.00024871799999999999,1,1,-0.0079771667492769087,0.015694530500041982,-0.10987555937698179,-0.0078697796379175195,0.014701388032166071,-0.0014636031455110099,0.0011584684232228068,-0.00010738711135938918,-0.00011992002861964781,9.1063267262795559e-05,0.0045531633643406608,3.2645305239677032,-0.038451383809491105,-3.1523029302862167,4.476240129468985e-06,0.01480607662890189,-3.2645305239677032,4.5029608818979682e-06
67,0.68000000000000049,step,0,0,2.7980517902648216e-10,0.00026215899999999998,1,1,-0.0078309259071297453,0.014624084214716407,-0.10704462853255749,-0.0077301395205927968,0.013549305315984878,-0.0014514976383071879,0.0012629147829900204,-0.00010078638653694856,-0.00013202553582346982,0.00011401401106430638,0.0057007005552536698,3.2651058091849974,-0.037399779793859625,-3.1527889336199948,4.5152758842638067e-06,0.013406269954866708,-3.2651058091849974,4.5431820999645913e-06
68,0.6900000000000005,step,0,0,3.1409490930883006e-11,0.000258022,1,1,-0.0076950085457018437,0.013591736142790191,-0.10323480719262156,-0.0075990025040462081,0.012910758076030558,-0.0014380879885077147,0.001412846483794257,-9.6006041655635581e-05,-0.00014543518562294298,0.00014091310791683681,0.0070456553987251818,3.2658125391986643,-0.036401413193426359,-3.1533094610325207,4.4882144535222707e-06,0.011406801407465153,-3.2658125391986643,4.5175705197681505e-06
69,0.70000000000000051,step,0,0,2.0461177197006464e-10,0.00026183700000000001,1,1,-0.0075689664122398879,0.012604213346195532,-0.098752279659465939,-0.0074718321352626989,0.012687996931585246,-0.0014229262470721741,0.0016080001044314479,-9.7134276977189037e-05,-0.00016059692705848363,0.00017151073430873691,0.0085755367195456348,3.2666975826317812,-0.035390667634769994,-3.1538228155167172,4.4057430748541389e-06,0.0087975311801014432,-3.2666975826317812,4.4368439233747636e-06
70,0.71000000000000052,step,0,0,4.0957282010367635e-10,0.00025670100000000002,1,1,-0.0074523079688456739,0.011665844339421401,-0.093836900677413126,-0.0073448635619103265,0.012818711250253315,-0.0014055451338415856,0.0018517056307938567,-0.00010744440693534734,-0.00017797804028907207,0.00020534788523837537,0.010267394267661033,3.2678242550690935,-0.034302449247157037,-3.1542839411820904,4.2751134435364655e-06,0.0055330719040195967,-3.2678242550690935,4.3083017736620819e-06
71,0.72000000000000053,step,0,0,6.0949767455298343e-10,0.00025927399999999998,1,1,-0.0073445170332749271,0.010779093557074662,-0.088675078234673813,-0.0072147645371508466,0.013273164524590091,-0.0013854310441868754,0.0021494685345265288,-0.00012975249612408053,-0.00019809212994378227,0.00024208912542416223,0.012104456279079252,3.2692698913949241,-0.033077670339053386,-3.1546457164356583,4.1008683866041177e-06,0.0015353532654709143,-3.2692698913949241,4.136547693723828e-06
72,0.73000000000000054,step,0,0,8.1738005253129131e-10,0.000257216,1,1,-0.0072450671239603099,0.0099449909314617141,-0.083410262561294829,-0.0070783399049517103,0.01404905604304079,-0.0013620067500505276,0.0025082655096120635,-0.00016672721900859964,-0.00022151642408013011,0.00028140763930274958,0.014070381975707773,3.2711241945921872,-0.031664130251019974,-3.1548593559453697,3.8854505539286624e-06,-0.0033039098028109898,-3.2711241945921872,3.9240963098828594e-06
73,0.74000000000000055,step,0,0,1.0509006997949655e-09,0.00025808899999999997,1,1,-0.0071534323623773047,0.0091634761583004945,-0.078151477316121959,-0.0069322592077557046,0.015178521694268171,-0.0013346251951254396,0.0029335796009470061,-0.0002211731546216001,-0.00024889797900521813,0.00032292699544413832,0.016146349786025627,3.2734860417835594,-0.030036984746222257,-3.1548856762890232,3.6293732924527544e-06,-0.0091184189638156138,-3.2734860417835594,3.6715320295097291e-06
74,0.75000000000000056,step,0,0,1.5483232473911812e-09,0.00026542200000000002,1,1,-0.0070690956258238234,0.0084336736553481065,-0.072980250295238788,-0.0067709103326733192,0.017103227728247926,-0.0013016460730347693,0.0036767556634295859,-0.00029818529315050416,-0.00028187710109588843,0.00037234743879817399,0.018617371964445503,3.2773018397804048,-0.027325684786329647,-3.1542006276942507,3.3240479354650031e-06,-0.017543123205030035,-3.2773018397804048,3.3714460954022463e-06
75,0.76000000000000056,step,0,0,2.3277193506032745e-09,0.00026230300000000003,1,1,-0.0069915545129164078,0.0077541112907415707,-0.067956236460653574,-0.0065835527689416468,0.020271494240775602,-0.0012576078278667803,0.0049920511413909172,-0.00040800174397476099,-0.00032591534626387735,0.00043675955569938418,0.021837977829069578,3.2837066790475982,-0.022440887753435258,-3.1521794903139098,2.9674442937781685e-06,-0.030544692601799588,-3.2837066790475982,3.0231984447511742e-06
76,0.77000000000000057,step,0,0,3.3530773713152939e-09,0.00025820599999999997,1,1,-0.0069203255773239601,0.0071228935592447321,-0.063121773149683869,-0.0063556529464488618,0.025061821122375857,-0.0011998887163647241,0.0064046366617193512,-0.00056467263087509826,-0.00038363445776593355,0.00050562226232727433,0.025281113167569071,3.2918091233224054,-0.017773491725283044,-3.1501778406194059,2.5648568742727262e-06,-0.046572871968884141,-3.2918091233224054,2.6301683117017932e-06
77,0.78000000000000058,step,0,0,4.4223463779857752e-09,0.00025317500000000001,1,1,-0.0068549471981219452,0.0065378379202014787,-0.058505563904325333,-0.0060705273091898378,0.031531553425340933,-0.0011272245668078294,0.0079778834704770235,-0.00078441988893210735,-0.00045629860732282826,0.00058070246806862769,0.029035123463907877,3.3018487086813169,-0.013161160563424869,-3.1481318107013316,2.1230345962582446e-06,-0.066179978405088269,-3.3018487086813169,2.1994246405225783e-06
78,0.79000000000000059,step,0,0,4.4145029853837059e-09,0.00025900899999999999,1,1,-0.0067949813840948881,0.005996581402705663,-0.054125651749581567,-0.0057185901011089927,0.037863827198683586,-0.0010314441261418906,0.011373133942546715,-0.0010763912829858955,-0.00055207904798876706,0.00070569711196937011,0.035284855716972298,3.3174224486058499,0.0006114402246678904,-3.1410410491609824,1.6666117172488988e-06,-0.09605523417058516,-3.3174224486058499,1.763037926485139e-06
79,0.8000000000000006,step,0,0,2.1505295539681925e-10,0.00025277200000000001,1,1,-0.0067400147514227902,0.0054966632672098278,-0.049991813549583528,-0.0053385612405787083,0.036166396531927991,-0.00091684156569629693,0.0095258938765954149,-0.0014014535108440819,-0.00066668160843436075,0.00070913653792649542,0.035456826876906412,3.3179378994207087,-0.0017200534861931747,-3.1430027631574573,1.3785404368834595e-06,-0.098558766680329035,-3.3179378994207087,1.4741881747888628e-06
80,0.81000000000000061,step,0,0,1.1391435405638112e-09,0.000267118,1,1,-0.0066896588670637283,0.0050355884359062188,-0.046107483130360893,-0.0049956123501603746,0.033943545616673468,-0.0008492446159397999,0.0052101704245695185,-0.0016940465169033537,-0.00073427855819085779,0.0006385651678203916,0.031928258287533276,3.3100597665207623,-0.017586938869967983,-3.1519434510835111,8.7156236280347978e-07,-0.085800508312511972,-3.3100597665207623,9.5360332996719629e-07
81,0.82000000000000062,step,0,0,8.1251827488415529e-10,0.00026145500000000001,1,1,-0.0066435501118281047,0.004610875523562344,-0.042471291234387476,-0.0046590750064801709,0.032193531571609951,-0.00079948825638329578,0.0050386498612624286,-0.0019844751053479338,-0.00078403491774736191,0.00066652017258537371,0.033326008636500315,3.3110692497566352,-0.016687480769154859,-3.1512930568417814,1.3745830811226915e-07,-0.090238848453861806,-3.3110692497566352,2.2232314167986311e-07
82,0.83000000000000063,step,0,0,5.618019038259453e-10,0.00026108099999999998,1,1,-0.0066013491860214399,0.0042200925806664472,-0.039078294289589685,-0.0043472149418153447,0.031626290411301994,-0.00076005239959685104,0.0030005709346908604,-0.0022541342442060951,-0.00082347077453380664,0.00064533848812243198,0.032266924354831181,3.3063094885583681,-0.025735447926766082,-3.155619171802531,-8.3775368173313683e-07,-0.085675640648325474,-3.3063094885583681,-7.5886421895908075e-07
83,0.84000000000000064,step,0,0,1.4059446781702206e-09,0.00025875399999999998,1,1,-0.0065627403552946089,0.003860883072683105,-0.035920950798334211,-0.0040200683252833835,0.034973760336399345,-0.00075754144619034382,-0.0014997449828386966,-0.0025426720300112254,-0.00082598172794031387,0.00054435678109647219,0.027217838923862429,3.2956910335953515,-0.050508269335319558,-3.1674334050430692,-2.0616778378916539e-06,-0.071252277940314079,-3.2956910335953515,-2.0001941329899327e-06
84,0.85000000000000064,step,0,0,4.7013710702259459e-09,0.00026090299999999999,1,1,-0.0065274305139035671,0.0035309841391041774,-0.032989893357892763,-0.0036110207170726594,0.045018569178102735,-0.00078526194042313931,-0.0023519120303134577,-0.0029164097968309077,-0.00079826123370751838,0.0005253072102418822,0.026265360473836444,3.2941634261375863,-0.067215753435851289,-3.1735443171386999,-3.6153926891537596e-06,-0.075743065392037678,-3.2941634261375863,-3.5581060940333953e-06
85,0.86000000000000065,step,0,0,1.3146864198416292e-09,0.00025765500000000003,1,1,-0.0064951481260609794,0.0032282387842587764,-0.030274535484540097,-0.0031387681026594887,0.048274978838425547,-0.00077401331671735421,0.0018065493501611407,-0.0033563800234014908,-0.00080950985741330347,0.0006524691100131798,0.032623455623839247,3.3026830240827398,-0.054391351469380372,-3.16402561293661,-5.1016778374861069e-06,-0.10106902433020218,-3.3026830240827398,-5.0254221044131428e-06
86,0.87000000000000066,step,0,0,2.3451457650813801e-09,0.00025944500000000002,1,1,-0.0064656420927360989,0.0029506033324880145,-0.027763545177076188,-0.002627592976827655,0.054943713152633578,-0.00076833171086048216,-0.00022405222397409164,-0.0038380491159084439,-0.00081519146327017553,0.00060630066349949086,0.030315033116481812,3.2972222854282567,-0.07071745850721492,-3.1679191347216329,-6.9140893920381843e-06,-0.10177634474864054,-3.2972222854282567,-6.8439228857685923e-06
87,0.88000000000000067,step,0,0,9.9503366993419079e-10,0.000252933,1,1,-0.0064386805805345783,0.0026961512201520727,-0.025445211233594181,-0.0020616638486117903,0.057761778071421244,-0.00074620109129087259,0.002956908835468619,-0.0043770167319227881,-0.0008373220828397851,0.00071356474168166387,0.035678237180824211,3.3004786102153649,-0.061766199914111933,-3.1578082576580355,-8.8565971747292913e-06,-0.12297311402561946,-3.3004786102153649,-8.7712644618527207e-06
88,0.89000000000000068,step,0,0,4.9261406065426172e-10,0.00031855499999999999,1,1,-0.0064140498406821478,0.0024630739852430665,-0.023307723490900625,-0.0014492829865956555,0.065347935065980745,-0.00071752672663957101,0.0034729716350808126,-0.0049647668540864923,-0.00086599644749108667,0.00075249723776221354,0.036524033690135509,3.3006238571529845,-0.058043285739003039,-3.1446670559533119,0.00048213287072869463,-0.14347452459893509,-3.3006238571529845,0.003762486188840934
89,0.90000000000000069,step,0,0,1.4084078792109267e-08,0.00033415099999999998,1,1,-0.0063915530392491997,0.0022496801432948512,-0.021339384194821523,-0.00077918884300391678,0.069244974597021058,-0.0006761256405046559,0.0041637604363090608,-0.0056123641962452829,-0.00090739753362600178,0.0093490300376064019,0.085658782658293589,3.2664022617254078,-0.045815098782285679,-3.0971399052815816,0.040216314343356881,-0.15675580064558897,-3.2664022617254078,0.046745150188879141
90,0.9100000000000007,step,0,0,1.7239039085126251e-09,0.00037349600000000002,1,1,-0.0063710091142634775,0.0020543924985722117,-0.019528764472263958,-8.8159025688275272e-05,0.068634987033118044,-0.00063157685343311065,0.0045177499507801921,-0.0062828500885752023,-0.00095194632069754703,0.019943719948550941,0.20847473208513684,3.2688073381367682,0.023807325126733281,-2.9837934312754202,0.099718599742741387,-0.22717320444342329,-3.2688073381367682,0.061460263359512664
