scenario,episode,control_tick,physics_substep,time_s,disturbance,force_x,force_y,force_z,moment_x,moment_y,moment_z,left_normal_load_n,right_normal_load_n,penetration_m,rolling_slip_m_s,lateral_slip_m_s,closure_residual_m,qpos0,qpos1,qpos2,qpos3,qpos4,qpos5,qpos6,qpos7,qpos8,qpos9,qpos10,qpos11,qpos12,qpos13,qpos14,qpos15,qpos16,qvel0,qvel1,qvel2,qvel3,qvel4,qvel5,qvel6,qvel7,qvel8,qvel9,qvel10,qvel11,qvel12,qvel13,qvel14,qvel15,ctrl0,ctrl1,ctrl2,ctrl3,ctrl4,ctrl5
nmpc_late,0,0,0,0.002,0,0,0,0,0,0,0,31.0405217197575,32.078605864549083,0.00039838683718524531,5.337484163766697e-05,0,0.0001825909525860475,-2.3316002612706003e-08,-1.1121997354178994e-07,0.34771775599520166,0.99999999999979994,1.5215158944814747e-07,-6.0676959362005139e-07,-9.3496195396007184e-08,-0.34332821908699385,0.56939867150485268,1.511829688471723e-06,-0.57254449054148104,-0.57298694636419301,-0.35472020713136754,0.56940506236277644,-2.1349936655066787e-06,0.572598518843356,-0.57303517863037057,-1.1658001306353001e-05,-5.5609986770894971e-05,4.5981353515819319e-05,0.0001521515894481576,-0.00060676959362009183,-9.3496195396013403e-05,0.0006273274118996523,-0.0002778370540500675,0.00075591484423586145,0.00029955103498702083,0.00030085019737672561,0.00064321034322012785,0.00027668318816071179,-0.0010674968327533394,0.00029394320114367123,-0.00029632453535149251,0.047762470321407867,3.1468245516924522,-0.00030811320564083552,-0.041464883765724291,3.2380815434581685,0.0003060606116983572
nmpc_late,0,0,1,0.0040000000000000001,0,0,0,0,0,0,0,31.041029022764619,32.078070019838577,0.00039838406949796457,6.7179682674136813e-05,2.1326148390676617e-06,0.0001825928907813725,-6.9952464786373985e-08,-3.3210507604678455e-07,0.34771793990731908,0.99999999999820288,4.5150874540585891e-07,-1.8202472816539588e-06,-2.7786998083808528e-07,-0.34332572449381565,0.56939758871468493,4.5186017224113729e-06,-0.57254333144154235,-0.57298578231758523,-0.354717626438395,0.56940613934118023,-6.343325402556451e-06,0.5725996566374556,-0.57303632508902846,-2.331823108683399e-05,-0.0001104425512524973,9.1956058700991142e-05,0.00029935715754111431,-0.001213477688098966,-0.00018437378245050049,0.0012472965890911853,-0.00054139508390148782,0.0015033860169698249,0.00057954996933926159,0.00058202330388559863,0.0012903464862582747,0.00053848920189669735,-0.0021041658685248864,0.00056889704981176958,-0.00057322932895116727,0.047762470321407867,3.1468245516924522,-0.00030811320564083552,-0.041464883765724291,3.2380815434581685,0.0003060606116983572
nmpc_late,0,0,2,0.0060000000000000001,0,0,0,0,0,0,0,31.041461318900442,32.077608263247818,0.00039838027128115405,8.0514324775848286e-05,5.1893900398922711e-06,0.00018259632246651853,-1.3990891477440219e-07,-6.6109667412985959e-07,0.34771821574324124,0.99999999999282319,8.9376076086118156e-07,-3.6402964080932242e-06,-5.5061739423057599e-07,-0.34332200284778625,0.56939600326683726,9.0092291107217136e-06,-0.57254164552598585,-0.57298408934860467,-0.35471374575262316,0.56940771428743553,-1.2568529370462144e-05,0.57260131190474861,-0.57303799217874329,-3.4978224994014105e-05,-0.00016449579904153754,0.00013791796106835794,0.00044225202472649892,-0.0018200491267061567,-0.00027274739663358947,0.0018608230147046151,-0.00079272392385065804,0.0022453136941551705,0.00084295777824839485,0.00084648449028817551,0.0019403428859210417,0.00078747312767695789,-0.0031126019839528467,0.00082763364649721637,-0.00083354485741971929,0.047762470321407867,3.1468245516924522,-0.00030811320564083552,-0.041464883765724291,3.2380815434581685,0.0003060606116983572
nmpc_late,0,0,3,0.0080000000000000002,0,0,0,0,0,0,0,31.04183024452643,32.077209157225028,0.00039837689328958009,9.3435019294517971e-05,8.9688852503346113e-06,0.0001826008776188998,-2.3318004845991837e-07,-1.0966313136405543e-06,0.3477185834651112,0.99999999998009625,1.4750951435665316e-06,-6.0667052918358798e-06,-9.0935463727379346e-07,-0.34331706564541237,0.56939393621331202,1.4977903679182949e-05,-0.57253946104189635,-0.57298189593205451,-0.35470856104529852,0.56940976496495543,-2.0758850629660798e-05,0.5726034568168582,-0.57304015143188591,-4.6635566842758085e-05,-0.00021776731975534734,0.00018386093498730255,0.00058133441282620787,-0.0024264088843065895,-0.00035873719064844563,0.0024686011869344327,-0.0010335267626024856,0.0029843372842306179,0.0010922420447494483,0.0010967082750888645,0.0025923536623197185,0.0010253387599472919,-0.004095160629599328,0.0010724560548009202,-0.0010796265713251068,0.047762470321407867,3.1468245516924522,-0.00030811320564083552,-0.041464883765724291,3.2380815434581685,0.0003060606116983572
nmpc_late,0,0,4,0.01,0,0,0,0,0,0,0,31.042145850451597,32.076862762463584,0.00039837513509023703,0.00010599003422947693,1.3309550204983778e-05,0.00018260624926990778,-3.4975583537092802e-07,-1.6371400064800407e-06,0.34771904302287593,0.99999999995528621,2.1920885956237669e-06,-9.0991873860150745e-06,-1.351820943939858e-06,-0.34331092335831792,0.56939140577644765,2.2423661969376821e-05,-0.57253680212423796,-0.57297922641315047,-0.35470206961919426,0.56941227196162192,-3.0866838303460644e-05,0.57260606737189057,-0.57304277830089079,-5.8287893455504831e-05,-0.00027025434641974325,0.00022977888236377157,0.0007169935253697158,-0.0030324820949529387,-0.00044246618326890898,0.0030711435472173089,-0.0012652184321660361,0.0037228791450969355,0.001329458829183304,0.0013347594520440175,0.0032457130521240658,0.0012534983332577105,-0.0050539938368999223,0.0013052775161921173,-0.0013134345024244745,0.047762470321407867,3.1468245516924522,-0.00030811320564083552,-0.041464883765724291,3.2380815434581685,0.0003060606116983572
nmpc_late,0,1,0,0.012,0,0,0,0,0,0,0,31.042501862292525,32.076812479391805,0.0003983759767168249,0.00011234043826995451,1.8081741200983218e-05,0.00018261218369345985,-4.7928962720746354e-07,-2.2807821414719911e-06,0.34771955166552682,0.99999999991602617,3.0418590671342652e-06,-1.2457329999907173e-05,-1.8735310279028003e-06,-0.34330417715067241,0.5693884290160417,3.1550777236313688e-05,-0.57253369337543358,-0.57297610484814365,-0.3546948735576762,0.56941522059948746,-4.2613775529743242e-05,0.57260912708277079,-0.57304585500315119,-6.4766895918267765e-05,-0.00032182106749597525,0.00025432132543500756,0.00084977026403000415,-0.003358142609003249,-0.00052171045486838308,0.0033731038227445974,-0.001488380202987738,0.0045635576334684342,0.0015543744021654729,0.0015607825034055266,0.0035980307590234841,0.001474318932796422,-0.0058734686131412996,0.0015298554401151118,-0.0015383511302002229,0.046965324927066149,3.1463660542200782,-0.00030809425204122624,-0.042149977965727371,3.2377065748668867,0.00030607948796432016
nmpc_late,0,1,1,0.014,0,0,0,0,0,0,0,31.042738119323879,32.076550939781768,0.00039837997855382556,0.0001233828197149339,2.3181588848627865e-05,0.00018261848641278487,-6.2176425454025652e-07,-3.0260251098056175e-06,0.34772010932462993,0.99999999985859533,4.0215744647843604e-06,-1.6140732818325541e-05,-2.4725367114353507e-06,-0.3432968358013771,0.56938501969736799,4.2364709249608056e-05,-0.57253015188953915,-0.57297254866449077,-0.35468697148528328,0.56941859594846589,-5.5962631948003357e-05,0.57261261757717352,-0.57304936295962416,-7.1237313666396495e-05,-0.0003726214841668132,0.00027882955156051365,0.00097971483670294826,-0.0036834028053973015,-0.00059900668383708723,0.0036706746476590116,-0.0017046593368319817,0.0054069660066471828,0.0017707429471973484,0.0017780918264686948,0.003951036196466428,0.001687674489225978,-0.0066744282091300592,0.0017452472013708314,-0.0017539782364655945,0.046965324927066149,3.1463660542200782,-0.00030809425204122624,-0.042149977965727371,3.2377065748668867,0.00030607948796432016
nmpc_late,0,1,2,0.016,0,0,0,0,0,0,0,31.042943065286817,32.076318840301447,0.00039838776415514893,0.00013489300849509544,2.852768683508263e-05,0.00018262498496072807,-7.7716134146507551e-07,-3.8713311419136706e-06,0.34772071592544335,0.99999999977890697,5.1285846798744966e-06,-2.0148957357649808e-05,-3.1470085459196911e-06,-0.34328890780532823,0.56938118996706777,5.4875181092113811e-05,-0.57252619249045855,-0.57296857296908965,-0.35467836263081182,0.56942238468574202,-7.0879415379111651e-05,0.5726165227419594,-0.57305328588267002,-7.7698543462409515e-05,-0.0004226530160540267,0.00030330040670347087,0.001107009239269994,-0.0040082245153708774,-0.00067447358317064619,0.0039639980244398649,-0.0019148651501171045,0.0062552359212528774,0.0019796995402859749,0.0019878477005615615,0.0043044272357429672,0.0018943686380578715,-0.0074583917155541446,0.0019525823929343305,-0.0019614615229100137,0.046965324927066149,3.1463660542200782,-0.00030809425204122624,-0.042149977965727371,3.2377065748668867,0.00030607948796432016
nmpc_late,0,1,3,0.018000000000000002,0,0,0,0,0,0,0,31.04312230211805,32.076110623416447,0.00039839981451685741,0.00014802518527810008,3.4052803965329117e-05,0.00018263153900749198,-9.4546144765779711e-07,-4.8151574418765166e-06,0.34772137138695275,0.99999999967251407,6.3603785791145752e-06,-2.4481527213328907e-05,-3.8952335266242593e-06,-0.34328040153937595,0.56937695063046601,6.909596979718154e-05,-0.57252182811716479,-0.5729641909387363,-0.35466904666203475,0.56942657481532066,-8.7332948271061619e-05,0.57262082833597372,-0.57305760938620376,-8.4150053096360817e-05,-0.00047191314998142286,0.00032773075468840436,0.0012317924581987938,-0.0043325698177492005,-0.00074822758028792228,0.0042531329761422397,-0.0021196683008668418,0.0071103943525338623,0.0021821866468630918,0.0021910151766765576,0.0046579843885421928,0.0020950647892981279,-0.0082267664459749843,0.0021527970071548177,-0.0021617517668606335,0.046965324927066149,3.1463660542200782,-0.00030809425204122624,-0.042149977965727371,3.2377065748668867,0.00030607948796432016
nmpc_late,0,1,4,0.020000000000000004,0,0,0,0,0,0,0,31.043280647321467,32.075921486668996,0.00039841648769728399,0.00016115314939970683,3.9702801070838644e-05,0.00018263803533058492,-1.1266442159458164e-06,-5.8559564507355208e-06,0.34772207562190799,0.99999999953461527,7.7145500971443712e-06,-2.9137928320942231e-05,-4.7156122882920425e-06,-0.34327132539911492,0.56937231138302968,8.5044730258495039e-05,-0.57251707014590847,-0.57295941414724427,-0.35465902355034784,0.56943115543433376,-0.00010529467590101803,0.57262552166656611,-0.57306232065949303,-9.0591384144009612e-05,-0.00052039950442950191,0.0003521174776064174,0.0013541695721135984,-0.0046564010525883643,-0.00082038229765258469,0.004538070130512821,-0.0023196237181819903,0.0079743802306567486,0.00237898562818474,0.0023883957460244546,0.0050115558434464377,0.002290309506548795,-0.0089808638149782068,0.0023466652961952605,-0.0023556366446208232,0.046965324927066149,3.1463660542200782,-0.00030809425204122624,-0.042149977965727371,3.2377065748668867,0.00030607948796432016
nmpc_late,0,2,0,0.022000000000000006,0,0,0,0,0,0,0,9.7986976130933385,9.854556438289821,0.0003984380361233969,0.0054124255458223467,4.5434026621303482e-05,0.00018264438353980363,-1.7808176965569364e-06,-6.9387518229801945e-06,0.34768314067999678,0.99999999934912853,9.1540503000472194e-06,-3.447415028261242e-05,-5.4295530439516547e-06,-0.34309084960641273,0.56907528087991732,0.00031226769160783358,-0.57219595050429062,-0.57263765839116076,-0.35448018649962498,0.56914472067499333,8.7414380246407224e-05,0.57231478473071506,-0.5727509807510478,-0.00032708674030556,-0.00054139768612233689,-0.019467470955612742,0.0014395045644706177,-0.0053362206842259919,-0.00071394153370781107,0.090237896351098079,-0.14851525155617182,0.11361148067466927,0.16055982080893297,0.16087787804173223,0.089418525361427775,-0.14321737967020184,0.096354528073712628,-0.15536846792554176,0.15566995422263122,-0,-0,-0,-0,-0,-0
nmpc_late,0,2,1,0.024000000000000007,0,0,0,0,0,0,0,9.6792704699614216,9.7308013048252242,0.0003958805557751563,0.0083756004750847844,5.0707595423457434e-05,0.00018151493741199845,-2.894378107596811e-06,-8.0771896654862253e-06,0.34760457586766369,0.99999999910558646,1.070259161472047e-05,-4.0470680603380068e-05,-6.0337706309356607e-06,-0.34274097396703063,0.56848960901734169,0.0007468372926941599,-0.57156704617150733,-0.57200758074269364,-0.35413452746629803,0.56857101620161421,0.00048691001958292037,0.57169729174772776,-0.57213234621784892,-0.00055678020551993722,-0.0005692189212530153,-0.039282406166555532,0.0015485530444963001,-0.0059965274484502515,-0.00060421608002278005,0.17493781969105685,-0.29283593128779112,0.21728480054316313,0.3144521663916322,0.31503882423354052,0.17282951666346863,-0.28685223668953508,0.19974781966825655,-0.30874649149366923,0.30931726659943931,-0,-0,-0,-0,-0,-0
nmpc_late,0,2,2,0.026000000000000009,0,0,0,0,0,0,0,9.5810733728778565,9.6291231942419291,0.00039126660982697486,0.011297435873062811,5.6225924453896109e-05,0.0001794811728950081,-4.4571206540489609e-06,-9.2863483597234942e-06,0.34748638850297348,0.99999999879219803,1.2385717230276876e-05,-4.711288002154845e-05,-6.524981571856587e-06,-0.34222333947026928,0.56761848437213136,0.0013850985587867052,-0.57063761749085551,-0.57107652293503242,-0.35362370605240184,0.56771325778903425,0.001089584771097607,0.57078041577242422,-0.57121387297446036,-0.0007813712732260749,-0.00060457934711863445,-0.059093682345112558,0.0016831458152849772,-0.0066421945265989846,-0.00049120797086776424,0.258817248380669,-0.43556232260514627,0.3191306330462727,0.46471434032593067,0.46552890383060486,0.25541070694809015,-0.42887920628997361,0.30133737575734332,-0.45843798765179256,0.45923662169428159,-0,-0,-0,-0,-0,-0
nmpc_late,0,2,3,0.028000000000000011,0,0,0,0,0,0,0,9.5006934313402294,9.5459930876540291,0.00038502398312222769,0.014180735900820047,6.2190704842544518e-05,0.00017674067219375733,-6.4618783899457658e-06,-1.0582429301698053e-05,0.34732858417195905,0.99999999839578257,1.4230370450800243e-05,-5.4390464121017646e-05,-6.8999753592729861e-06,-0.34153929206599792,0.56646463594637497,0.0022236366066941361,-0.56941381784034861,-0.56985071746504945,-0.35294910869434237,0.56657422784031919,0.0018920724473248289,0.56957043527134754,-0.57000191947873435,-0.0010023788679484023,-0.00064804047098727946,-0.078902165507197947,0.0018446830422874723,-0.0072775767176628675,-0.0003749905583806996,0.34202370213566652,-0.57692421287821616,0.41926902395371551,0.61189982525342967,0.61290273499149495,0.33729867902972299,-0.56951497435751697,0.40124383811361103,-0.60499025053833955,0.60597674786301881,-0,-0,-0,-0,-0,-0
nmpc_late,0,2,4,0.030000000000000013,0,0,0,0,0,0,0,9.4352209945799235,9.4783990490421637,0.0003775005182395999,0.017027784537456483,6.8782503989602852e-05,0.00017346100089061522,-8.9042167348866463e-06,-1.1982507197442148e-05,0.34713116694820517,0.99999999790166849,1.6264561361380298e-05,-6.2297064804388489e-05,-7.1556753772703889e-06,-0.34068993689643184,0.56503042007801674,0.0032592465490238827,-0.56790087372258291,-0.56833546530480417,-0.35211189905625134,0.5651563578659673,0.0028912159268289156,0.56807271167643447,-0.56850192204712491,-0.0012211691724704403,-0.00070003894787204739,-0.098708611876943714,0.0020342315620780543,-0.0079065903004887726,-0.00025569814773042935,0.42467758478305118,-0.71710793417909535,0.51780497116487334,0.75647205888282387,0.75762608012265209,0.41860481904550118,-0.70893498717592918,0.49957173975204328,-0.74886179745654524,0.74999871580474298,-0,-0,-0,-0,-0,-0
nmpc_late,0,3,0,0.032000000000000015,0,0,0,0,0,0,0,9.3821759264650382,9.4237710473077936,0.00036897679459239191,0.019840380399313386,7.6162880088483759e-05,0.00016978341938157611,-1.1782174641368675e-05,-1.3504331905236056e-05,0.34689413958152293,0.99999999729355815,1.8517115640820368e-05,-7.0829858706846212e-05,-7.2891905635732043e-06,-0.33967618429756752,0.56331789458977399,0.0044889055681144275,-0.56610323931231887,-0.5665352889659826,-0.3511130608465205,0.56346179889467596,0.004084037801619987,0.56629184187416337,-0.56671854597380944,-0.0014389789532410144,-0.0007609123538969535,-0.11851368334113385,0.0022526070249323715,-0.0085327799755661148,-0.00013351673574574092,0.50687629943215251,-0.85626274412138048,0.61482950954527227,0.89881720513203933,0.90008816941079739,0.49941910486542473,-0.8472794856456688,0.59641093739553563,-0.89043490113552637,0.89168803665772745,-0,-0,-0,-0,-0,-0
nmpc_late,0,3,1,0.034000000000000016,0,0,0,0,0,0,0,9.3394458688906425,9.3799179816910332,0.0003596769662374058,0.022619879144569588,8.4476760438583788e-05,0.00016582629851125884,-1.5096044994925182e-05,-1.516617328986922e-05,0.34661750366063798,0.99999999655336347,2.1017490623809312e-05,-7.9989251905313336e-05,-7.2978589855406042e-06,-0.33849878870589023,0.561328881918011,0.0059097471287862255,-0.56402472890949784,-0.56445406413497112,-0.34995343409965468,0.56149248146139985,0.0054677137202056676,0.56423178899954285,-0.56465581559746059,-0.0016569351767782537,-0.00083092069231658163,-0.13831796044246991,0.00250044114054503,-0.0091593751610476778,-8.6759230031928185e-06,0.58869779583864768,-0.99450633588150728,0.71042078033589884,1.039255201410489,1.0406124155057213,0.57981337343289874,-0.98465871663804561,0.69183795929284031,-1.0300264373102495,1.0313651881744315,-0,-0,-0,-0,-0,-0
nmpc_late,0,3,2,0.036000000000000018,0,0,0,0,0,0,0,9.3052339954668,9.3449743276832375,0.00034977802154652349,0.025367239194871015,9.3876557538552117e-05,0.00016168819385095753,-1.8848188099669636e-05,-1.6986700939028329e-05,0.34630125975400949,0.9999999956610135,2.3795644980143518e-05,-8.9778612100128755e-05,-7.1792844508036294e-06,-0.3371583814520886,0.55906502270354874,0.007519037370051317,-0.56166863026130842,-0.5620951326632434,-0.34863374581900264,0.55925016656725968,0.0070395483384499656,0.56189599442793037,-0.56231722603353118,-0.0018760715523722265,-0.00091026382457955559,-0.15812195331424408,0.0027782352916204131,-0.0097893374659045098,0.00011855805311556045,0.67020362690081114,-1.1319296072311531,0.80464512063254556,1.1780493240947094,1.1794657358638607,0.65984414032602146,-1.1211574470701122,0.78591730912214897,-1.1678972858062533,1.1692947819647259,-0,-0,-0,-0,-0,-0
nmpc_late,0,3,3,0.03800000000000002,0,0,0,0,0,0,0,9.2780144468736019,9.3173545552603745,0.00033941768697768465,0.028083067829134042,0.0001048731811874418,0.00015745057531425314,-2.3042873120439519e-05,-1.8984891490193051e-05,0.34594540753224212,0.99999999459423417,2.6881950216269854e-05,-0.00010020404090796121,-6.9313671844152306e-06,-0.3356554982904662,0.55652782111752208,0.0093141537160030246,-0.55903780131322833,-0.55946139933460737,-0.34715463575262251,0.55673648880684234,0.0087969538082000309,0.55928747346360086,-0.55970583893580927,-0.0020973425103849408,-0.00099909527558236094,-0.17792611088369653,0.003086402352967465,-0.010425400801761697,0.00024788825326092307,0.75144158081119272,-1.2686007930133258,0.89755817297585405,1.3154144740400175,1.3168666643180222,0.73955503319006444,-1.2568388802086761,0.87870273487503259,-1.3042604821647545,1.3056935488609425,-0,-0,-0,-0,-0,-0
nmpc_late,0,3,4,0.040000000000000022,0,0,0,0,0,0,0,9.2564941081429062,9.2957139609411463,0.00032870116448477371,0.03077078714233844,0.00011717055269482859,0.00015318022940142797,-2.7686143179983981e-05,-2.1179957409267932e-05,0.34554994587501497,0.99999999332830136,3.0307134186802437e-05,-0.00011127418009172955,-6.5523294987474583e-06,-0.3339906023974395,0.5537186830231231,0.011292565713418808,-0.55613475260754408,-0.55655541452151569,-0.34551667796965835,0.55395299269641263,0.010737430720608425,0.55640889689236095,-0.55682436435095439,-0.0023216350297722318,-0.0010975329595374411,-0.19773082861358163,0.0034252986984315489,-0.011070105320545367,0.00037899204450835293,0.83244794651335896,-1.4045690471995045,0.98920599870789194,1.4515243528420987,1.4529924065458435,0.81897889148209047,-1.3917480552148653,0.9702384562041968,-1.4392882856199478,1.4407372924274509,-0,-0,-0,-0,-0,-0
nmpc_late,0,4,0,0.042000000000000023,0,0,0,0,0,0,0,9.2395797080344373,9.2789148861667456,0.00031770686533483944,0.033456839966020953,0.00013086848524635115,0.00014893136071043511,-3.2785700491553135e-05,-2.3591292160853139e-05,0.34511487296500143,0.99999999183576793,3.4102248689042422e-05,-0.00012300004653189713,-6.0407372753537619e-06,-0.33216410347256253,0.55063894792926527,0.013451818060602944,-0.55296171725584031,-0.55337944457592814,-0.34372039881468031,0.55090116310146076,0.012858551396921047,0.55326266028262194,-0.55367523047170686,-0.0025497786557845781,-0.0012056673757926027,-0.21753645500676774,0.0037952482809965483,-0.011725826156579047,0.00051152528936697654,0.91324946243847394,-1.5398675469289356,1.0796261735920685,1.5865176758519024,1.5879849727938027,0.89813957748901385,-1.525914797475963,1.0605603381563118,-1.5731183048695094,1.5745669396237947,-0,-0,-0,-0,-0,-0
nmpc_late,0,4,1,0.044000000000000025,0,0,0,0,0,0,0,9.2263494413269349,9.2659975212256125,0.00030649128072489373,0.036111873063299327,0.00014606008200211272,0.00014474742275768872,-3.8350808475689469e-05,-2.6238427714575429e-05,0.34464018637087507,0.99999999008616292,3.8298654883172212e-05,-0.00013539489155928993,-5.395517975802495e-06,-0.330176373488897,0.54728991556859574,0.015789515750820979,-0.54952071016021486,-0.54993553156834907,-0.34176629173992534,0.54758245054720112,0.015157945394959117,0.54985094267563084,-0.55026064287025656,-0.002782553992068166,-0.0013235677768611454,-0.23734329706318702,0.0041965604556611271,-0.012394797788938178,0.00064512581766354004,0.99386499183276045,-1.6745161803347617,1.1688488451090167,1.7205035478127466,1.7219565037895417,0.97705353737749412,-1.6593562771298227,1.1496969990190344,-1.7058588034955477,1.7072938007251333,-0,-0,-0,-0,-0,-0
nmpc_late,0,4,2,0.046000000000000027,0,0,0,0,0,0,0,9.2160284699068011,9.2561546511573596,0.00029509311058118631,0.038735535578373059,0.00016283310664841973,0.00014066270839447202,-4.4392208288041753e-05,-2.9141001199515054e-05,0.34412588312117576,0.99999998804566292,4.2928021693078784e-05,-0.00014847408095563974,-4.6159758042833124e-06,-0.32802775956450608,0.5436728678255961,0.018303311219913718,-0.54581357793977203,-0.54622554378601607,-0.33965482944830733,0.54399829209669281,0.017633287079669015,0.54617575609415969,-0.54658263459710232,-0.0030206999061761432,-0.0014512867424698126,-0.25715162484966247,0.0046295429573384598,-0.013079134710130603,0.00077941627555008514,1.074306962195454,-1.808523871499818,1.2568977345463694,1.8535661102214209,1.8549938911664896,1.0557311458090064,-1.7920792252541773,1.2376708423549501,-1.8375932907355534,1.839004136577133,-0,-0,-0,-0,-0,-0
nmpc_late,0,4,3,0.048000000000000029,0,0,0,0,0,0,0,9.2079677705130418,9.2487098122056928,0.00028353675559711355,0.041327326069531309,0.00018127117425596111,0.00013670372870072225,-5.0922047589567464e-05,-3.2318728240286689e-05,0.34357195977053701,0.9999999856767352,4.8022333499752508e-05,-0.00016225499250863156,-3.7018045597861164e-06,-0.32571859436187228,0.53978908664776126,0.020990893363051301,-0.54184204082916376,-0.54225121822355915,-0.33738647372190644,0.54015012839517984,0.020282285092685998,0.54223898711480123,-0.54264310835844132,-0.0032649196507628557,-0.0015888635203858167,-0.27696167531937071,0.0050945111907416338,-0.013780848981689188,0.00091400643667348142,1.1545826013169047,-1.9418905889173996,1.3437910715687904,1.9857685553041469,1.9871627812284689,1.1341778632004507,-1.9240818507564872,1.3244990065084914,-1.9683844896792424,1.9697631193304783,-0,-0,-0,-0,-0,-0
nmpc_late,0,4,4,0.050000000000000031,0,0,0,0,0,0,0,9.2016258805963282,9.2430984102333387,0.00027183526343203812,0.043886619651474279,0.00020145478603423976,0.00013289040701285499,-5.7953819734363646e-05,-3.5791381092421607e-05,0.34297841245954147,0.99999998293774961,5.3613904364953892e-05,-0.00017675692850175069,-2.6530986399426353e-06,-0.32324920436578936,0.53563986849186329,0.023849978269769964,-0.53760772765057374,-0.53801419614348212,-0.33496168326014025,0.536039417403957,0.023102673548803396,0.53804243158822262,-0.53844387183351672,-0.0035158860723980903,-0.0017363264260674607,-0.2967736554977683,0.0055917947579744234,-0.014501865170196708,0.0010484950512436137,1.2346949980414681,-2.0746090779489612,1.4295424533593324,2.1171565892950115,2.1185110400384897,1.2123952308831074,-2.0553554956114231,1.4101942280586979,-2.0982777632892846,2.0996182624622728,-0,-0,-0,-0,-0,-0
nmpc_late,0,5,0,0.052000000000000032,0,0,0,0,0,0,0,9.196553158556263,9.2388514162043833,0.00025999280770014344,0.046412691857428939,0.00022346222997155917,0.00012923711216226378,-6.5502311843509915e-05,-3.9578770158056964e-05,0.34234523696927166,0.99999997978256061,5.9735396750105747e-05,-0.00019200104093990719,-1.4703625917004728e-06,-0.32061991634160136,0.53122653578644519,0.02687830151815751,-0.53311220481631583,-0.53351605264684931,-0.33238091980793383,0.53166764528100874,0.026092204785668264,0.53358782345118505,-0.53398666705986497,-0.0037742460545731379,-0.0018936945328176795,-0.31658774513490273,0.0061217419510692676,-0.015244033084427797,0.0011824712999389951,1.3146440120940017,-2.206666352709044,1.5141616241937732,2.2477614171289408,2.2490717483164255,1.2903817261031987,-2.1858860614741014,1.4947656184324347,-2.2273040685187606,2.2286023868258757,-0,-0,-0,-0,-0,-0
nmpc_late,0,5,1,0.054000000000000034,0,0,0,0,0,0,0,9.1923782266751388,9.2355813048502089,0.00024800676767845753,0.048904739436232122,0.00024737036697345207,0.00012575355232795305,-7.3583560483662401e-05,-4.3700727824614533e-05,0.34167242877145254,0.99999997616005476,6.6419843258119001e-05,-0.00020801026767108187,-1.5451954510017459e-07,-0.31783106223354768,0.52655044582964816,0.030073611866753239,-0.52835700019342779,-0.5287583210743233,-0.32964465281606509,0.52703633480766154,0.029248643495762214,0.52887685845127319,-0.5292731946969369,-0.0040406243200762403,-0.0020609788332787847,-0.3364040989095638,0.0066847227722026999,-0.016009138672875109,0.001315515911560096,1.3944270540268486,-2.3380449783985093,1.5976551742978644,2.3776023114440172,2.3788657862630083,1.3681334959343667,-2.3156552366736167,1.5782193550469756,-2.3554824999559325,2.3567361814640133,-0,-0,-0,-0,-0,-0
nmpc_late,0,5,2,0.056000000000000036,0,0,0,0,0,0,0,9.1887963082624928,9.2329699449202067,0.00023586946733007708,0.051361898316659438,0.00027325531958374122,0.00012244554829389428,-8.2214813883195332e-05,-4.8177093847507527e-05,0.34095998307493597,0.99999997201366386,7.3700670355442315e-05,-0.00022480927787139234,1.2930811853067066e-06,-0.31488298272654813,0.52161299748717316,0.033433666184883193,-0.52334362255197264,-0.52374251295224916,-0.32675336284271933,0.522147051709555,0.032569762075609257,0.52391121349792491,-0.52430513387528732,-0.0043156266997664621,-0.0022381830114464956,-0.35622284825827666,0.0072811309111515919,-0.016798913388815548,0.0014472019961678344,1.4740397534997767,-2.4687241712374757,1.680027159064976,2.5066888207275957,2.5079040610370558,1.4456449866728847,-2.4446415490532707,1.660559289923522,-2.4828224766741549,2.484030410824797,-0,-0,-0,-0,-0,-0
nmpc_late,0,5,3,0.058000000000000038,0,0,0,0,0,0,0,9.1855592072393613,9.2307581854887033,0.00022356962411508585,0.053783258974658743,0.00030119307795685793,0.00011931570243126274,-9.1414499801860817e-05,-5.3027701709202713e-05,0.3402078948691532,0.99999996728084184,8.1611723355093518e-05,-0.00024242442562379178,2.8706570922261105e-06,-0.31177602966326629,0.51641563600769091,0.036956225467441782,-0.51807357722320746,-0.51847013410608689,-0.3237075438765003,0.51700140917555881,0.036053337035167166,0.51869256225961291,-0.51908415824783294,-0.0045998429593327424,-0.002425303930847591,-0.3760441028913773,0.0079113850034412073,-0.017615042285732213,0.0015770956390731292,1.5534765316409178,-2.5986807397411256,1.761279641279295,2.6350226643826167,2.6361894230811345,1.5229094831095116,-2.5728212669981083,1.7417874797789552,-2.6093256191559728,2.6104878137272038,-0,-0,-0,-0,-0,-0
nmpc_late,0,5,4,0.060000000000000039,0,0,0,0,0,0,0,9.182466710174948,9.2287369141695841,0.00021109355100221161,0.056167879433867293,0.00033126003558049026,0.0001163639774514343,-0.00010120219832680157,-5.8272365544855155e-05,0.33941615896505506,0.99999996189250084,9.0187292181164418e-05,-0.00026088371054565541,4.5759858611001305e-06,-0.30851056748106143,0.51095985623153661,0.040639051787490318,-0.51254837851058976,-0.51294269748264421,-0.32050770473614848,0.51160107083910722,0.039697146319688931,0.51322258754525252,-0.51361194878014238,-0.0048938492624703766,-0.0026223319178262229,-0.39586795204908631,0.0085759294089037038,-0.018459171068138117,0.0017047562953710308,1.6327310911024353,-2.727889888077168,1.8414131600242694,2.7625993563088258,2.763718311721326,1.5999195701759004,-2.7001691682257709,1.8219046422608816,-2.734987357180203,2.7361047338452962,-0,-0,-0,-0,-0,-0
nmpc_late,0,6,0,0.062000000000000041,0,0,0,0,0,0,0,9.1793592186148771,9.2267393906886355,0.00019842614895811822,0.058514796119300272,0.00036353346532417424,0.00011358819692777031,-0.00011159861900221182,-6.3930867340324527e-05,0.33858477003397025,0.99999995577240808,9.946213760923052e-05,-0.00028021674461337081,6.4063989844172907e-06,-0.30508697380990785,0.50524720443234239,0.044479906048653803,-0.50676955932422418,-0.5071617331518895,-0.31715436968052219,0.50594775245215906,0.043498967406368147,0.50750299093662621,-0.50789020374704974,-0.005198210337705126,-0.0028292508977346849,-0.41569446554241313,0.0092752346845723557,-0.019332912290665007,0.0018297370196135886,1.7117968355767885,-2.856325899597103,1.9204271305817437,2.8894095931828025,2.8904821653773296,1.6766675278131475,-2.8266591934740841,1.9009105433396067,-2.859798304313153,2.8608725165463236,-0,-0,-0,-0,-0,-0
nmpc_late,0,6,1,0.064000000000000043,0,0,0,0,0,0,0,9.1761114440413287,9.2246346837415594,0.00018555172188582103,0.060823032770707205,0.00039809194470510076,0.00011098447777094921,-0.00012262558181535592,-7.0022944190467037e-05,0.33771372264473687,0.99999994883653709,0.00010947151779928126,-0.00030045472449756716,8.3587754699232051e-06,-0.3015056393520264,0.49927927899972929,0.048476546408562152,-0.50073867844644382,-0.50112879589741388,-0.31364807834357178,0.50004322245202781,0.047456576048362092,0.50153550007653236,-0.50192064634192568,-0.0055134814065720527,-0.0030460384250712538,-0.43552369461670137,0.010009797874082545,-0.020237850870943049,0.0019515845605657268,1.7906672289407128,-2.9839627163065359,1.9983201799541761,3.0154404388901828,3.0164686272378276,1.7531456684751945,-2.9522650000656405,1.9788043209969732,-2.9837454300469339,2.9847787025620098,-0,-0,-0,-0,-0,-0
nmpc_late,0,6,2,0.066000000000000045,0,0,0,0,0,0,0,9.1726270194338433,9.222322060783906,0.0001724546413921918,0.063091607607307129,0.00043501573777362103,0.00010854760327915505,-0.00013430600166091427,-7.6568275461004554e-05,0.33680301129939777,0.99999994099237366,0.00012025121501897426,-0.0003216304088649233,1.0429535533438129e-05,-0.29776696714640355,0.49305773014373233,0.052626727254081865,-0.49445732578157786,-0.49484547075077889,-0.30998938509270396,0.49388930159515348,0.051567745549015977,0.49532187396331967,-0.49570503025165169,-0.0058402099227791767,-0.0032726656352687579,-0.45535567266953686,0.010780142694754309,-0.021175549058580115,0.0020698393466813459,1.8693361028114244,-3.1107744279984777,2.075090422759855,3.1406763324329834,3.1416625733174892,1.8293466254339106,-3.0769604284371663,2.0555847503269411,-3.1068130566063514,3.1078080451369829,-0,-0,-0,-0,-0,-0
nmpc_late,0,6,3,0.068000000000000047,0,0,0,0,0,0,0,9.1688339005249944,9.2197261996810767,0.00015911988480329237,0.065319538920460926,0.00047438713969447793,0.00010627134405058854,-0.00014666387599123463,-8.3586469731228221e-05,0.33585263046769886,0.99999993213817095,0.00013183756250331104,-0.00034377810022518973,1.2614634188595788e-05,-0.29387137130619406,0.48658425877775779,0.05692819861853974,-0.48792712589551063,-0.48831337677806425,-0.30617885789475807,0.48748786180902581,0.055830246459098523,0.48886390655544981,-0.48924514350379378,-0.0061789371651601831,-0.0035090971351118341,-0.47519041584944932,0.011586819670638094,-0.022147550982942899,0.0021840353839118472,1.9477979201047328,-3.2367356829872587,2.1507356822289374,3.2650999430336305,3.2660469863573116,1.9052635989729583,-3.2007198930638392,2.131250455041275,-3.2289837039349392,3.2299433739289531,-0,-0,-0,-0,-0,-0
nmpc_late,0,6,4,0.070000000000000048,0,0,0,0,0,0,0,9.1646804466755629,9.2167931082341319,0.00014553346643945975,0.067505849255864517,0.00051629078887557682,0.00010414873294604678,-0.00015972427543418501,-9.109705141124188e-05,0.33486257462058439,0.99999992216215339,0.0001442674714181952,-0.00036693363100823916,1.4909554663615433e-05,-0.28981927530388812,0.47986061471611513,0.061378705940376227,-0.48114974010946754,-0.4815341693860542,-0.30221707676151155,0.48084082439350379,0.0602418465994893,0.48216342894882674,-0.4825428108518286,-0.0065301997214751916,-0.0037552908400068277,-0.49502792355724973,0.012430406232874247,-0.023155386885927269,0.0022937000836561806,2.026048001152962,-3.3618220308213185,2.2252536609182449,3.3886928930215339,3.3896036960050195,1.9808905666232715,-3.3235187077610004,2.205800070195389,-3.3502388033115462,3.3511663259825948,-0,-0,-0,-0,-0,-0
nmpc_late,0,7,0,0.07200000000000005,0,0,0,0,0,0,0,9.1601320861191198,9.2134866526845318,0.00013168277923027161,0.0696495683324726,0.00056081395037980292,0.00010217229939225145,-0.00017351333722480394,-9.911944692933444e-05,0.33383283826284865,0.99999991094166385,0.0001575784578940835,-0.00039113435364830613,1.7309301589423895e-05,-0.28561110986778765,0.47288859430412566,0.065975990071579588,-0.47412686737674509,-0.47450954137991813,-0.29810463183593894,0.47395015768533311,0.064800311320973525,0.47522231035405088,-0.47559989492879445,-0.0068945308953094683,-0.0040111977590462792,-0.51486817886785952,0.01331150678610258,-0.024200577132069412,0.0023983540350789416,2.1040827180502313,-3.4860102059947344,2.2986420656016779,3.5114363663612185,3.5123140030680249,2.0562224627863128,-3.4453333540853341,2.2792323607421103,-3.4705592973879402,3.4714579615170824,-0,-0,-0,-0,-0,-0
nmpc_late,0,7,1,0.074000000000000052,0,0,0,0,0,0,0,9.1551684833324174,9.2097856095823332,0.00011755686123342962,0.071749734831744474,0.00060804677328121217,0.00010033426759917617,-0.00018805826135344478,-0.00010767297037456175,0.33276341596507458,0.99999989834225145,0.00017180867007508948,-0.00041641913453342109,1.9808393914277242e-05,-0.28124731054353752,0.46567003758313358,0.070717787452790976,-0.46686024414012145,-0.46724122297327275,-0.29384212117114622,0.46681787428440652,0.06950340392157954,0.46804245806979744,-0.46841829636876764,-0.0072724620643204218,-0.0042767617226136491,-0.5347111488870252,0.014230752720057594,-0.025284636076850886,0.0024975107326647458,2.1818996621250593,-3.6092783604960519,2.3708986906056935,3.6333116183118288,3.6341592033226924,2.1312553323963472,-3.5661417004632963,2.3515463003030104,-3.5899261421267123,3.5907992800134014,-0,-0,-0,-0,-0,-0
nmpc_late,0,7,2,0.076000000000000054,0,0,0,0,0,0,0,9.3886488030774711,9.2005630618772827,0.00010314659946692589,0.073252728849240736,0.00065808252358494313,9.8626722706759415e-05,-0.00020339069013591431,-0.00011641885677162473,0.33165429838267302,0.99999988431639952,0.00018643527201342528,-0.00044283321356831094,2.2534908101126154e-05,-0.27672907167557859,0.45820838245974982,0.075600760411088735,-0.45935335595679982,-0.45973268954144103,-0.28942209976278555,0.45943878921665554,0.07432677941708539,0.46061824060398593,-0.46099256477886053,-0.0076662143912347679,-0.0043729431985314871,-0.55455879120078699,0.014627215015627476,-0.026413903485089631,0.0027249615587945368,2.25911943397946,-3.7308275616918785,2.4414864791488804,3.7534440916608158,3.7542667159158545,2.2100107041803452,-3.6895425338754877,2.4116877477529237,-3.7121087329057625,3.7128657949535624,-0,-0,-0,-0,-0,-0
nmpc_late,0,7,3,0.078000000000000055,0,0,0,0,0,0,0,9.360559262698338,9.1957409635627165,9.2790617429672206e-05,0.075227903128874701,0.00070146731047468968,9.7056804448095011e-05,-0.00021954022438694013,-0.0001253680805490525,0.33050548055290707,0.99999986873058289,0.0002014861698965986,-0.00047041885893513261,2.5460515065247682e-05,-0.2720568683704177,0.45050557130826713,0.080622573359006994,-0.45160799935017787,-0.45198573239250467,-0.28484576382189553,0.45181557777082781,0.079270304054096657,0.45295230007707332,-0.45332528079451606,-0.0080747671255129057,-0.0044746118887138871,-0.57440891488296952,0.015051572966226249,-0.027585442816382109,0.0029240848772080883,2.3361016525804308,-3.8514055757413561,2.5109064739591318,3.8726783033109817,3.8734785744681828,2.2881679704450066,-3.8116057229138653,2.4717623185056312,-3.8329702634563141,3.8336419921722356,-0,-0,-0,-0,-0,-0
nmpc_late,0,7,4,0.080000000000000057,0,0,0,0,0,0,0,9.3456735969184024,9.4351022547376857,8.5980829777489165e-05,0.077184845203263741,0.00074306273036383588,9.5612783024980581e-05,-0.00023654257837875213,-0.00013418800896535776,0.32931695301216368,0.99999985160026472,0.00021627543227091314,-0.00049922683766142923,2.8230322696702092e-05,-0.26722563559971835,0.44255934213672865,0.085760178498952608,-0.44362170648990856,-0.44399806065107039,-0.28011245477404723,0.44394879908094609,0.084334511395526585,0.44504506884747863,-0.44541682808793681,-0.0085011769959059975,-0.0044099642081526355,-0.5942637703717063,0.014789833390831751,-0.028807801472492851,0.0027686549658629293,2.4156163853496793,-3.9731145857692485,2.5688025699728083,3.9931464301346438,3.9938358707171457,2.3666545239241388,-3.9333893449408515,2.5321036707149647,-3.9536156147973416,3.9542263532896316,-0,-0,-0,-0,-0,-0
nmpc_late,1,0,0,0.002,0,0,0,0,0,0,0,31.0405217197575,32.078605864549083,0.00039838683718524531,5.337484163766697e-05,0,0.0001825909525860475,-2.3316002612706003e-08,-1.1121997354178994e-07,0.34771775599520166,0.99999999999979994,1.5215158944814747e-07,-6.0676959362005139e-07,-9.3496195396007184e-08,-0.34332821908699385,0.56939867150485268,1.511829688471723e-06,-0.57254449054148104,-0.57298694636419301,-0.35472020713136754,0.56940506236277644,-2.1349936655066787e-06,0.572598518843356,-0.57303517863037057,-1.1658001306353001e-05,-5.5609986770894971e-05,4.5981353515819319e-05,0.0001521515894481576,-0.00060676959362009183,-9.3496195396013403e-05,0.0006273274118996523,-0.0002778370540500675,0.00075591484423586145,0.00029955103498702083,0.00030085019737672561,0.00064321034322012785,0.00027668318816071179,-0.0010674968327533394,0.00029394320114367123,-0.00029632453535149251,0.047762470321407867,3.1468245516924522,-0.00030811320564083552,-0.041464883765724291,3.2380815434581685,0.0003060606116983572
nmpc_late,1,0,1,0.0040000000000000001,0,0,0,0,0,0,0,31.041029022764619,32.078070019838577,0.00039838406949796457,6.7179682674136813e-05,2.1326148390676617e-06,0.0001825928907813725,-6.9952464786373985e-08,-3.3210507604678455e-07,0.34771793990731908,0.99999999999820288,4.5150874540585891e-07,-1.8202472816539588e-06,-2.7786998083808528e-07,-0.34332572449381565,0.56939758871468493,4.5186017224113729e-06,-0.57254333144154235,-0.57298578231758523,-0.354717626438395,0.56940613934118023,-6.343325402556451e-06,0.5725996566374556,-0.57303632508902846,-2.331823108683399e-05,-0.0001104425512524973,9.1956058700991142e-05,0.00029935715754111431,-0.001213477688098966,-0.00018437378245050049,0.0012472965890911853,-0.00054139508390148782,0.0015033860169698249,0.00057954996933926159,0.00058202330388559863,0.0012903464862582747,0.00053848920189669735,-0.0021041658685248864,0.00056889704981176958,-0.00057322932895116727,0.047762470321407867,3.1468245516924522,-0.00030811320564083552,-0.041464883765724291,3.2380815434581685,0.0003060606116983572
nmpc_late,1,0,2,0.0060000000000000001,0,0,0,0,0,0,0,31.041461318900442,32.077608263247818,0.00039838027128115405,8.0514324775848286e-05,5.1893900398922711e-06,0.00018259632246651853,-1.3990891477440219e-07,-6.6109667412985959e-07,0.34771821574324124,0.99999999999282319,8.9376076086118156e-07,-3.6402964080932242e-06,-5.5061739423057599e-07,-0.34332200284778625,0.56939600326683726,9.0092291107217136e-06,-0.57254164552598585,-0.57298408934860467,-0.35471374575262316,0.56940771428743553,-1.2568529370462144e-05,0.57260131190474861,-0.57303799217874329,-3.4978224994014105e-05,-0.00016449579904153754,0.00013791796106835794,0.00044225202472649892,-0.0018200491267061567,-0.00027274739663358947,0.0018608230147046151,-0.00079272392385065804,0.0022453136941551705,0.00084295777824839485,0.00084648449028817551,0.0019403428859210417,0.00078747312767695789,-0.0031126019839528467,0.00082763364649721637,-0.00083354485741971929,0.047762470321407867,3.1468245516924522,-0.00030811320564083552,-0.041464883765724291,3.2380815434581685,0.0003060606116983572
nmpc_late,1,0,3,0.0080000000000000002,0,0,0,0,0,0,0,31.04183024452643,32.077209157225028,0.00039837689328958009,9.3435019294517971e-05,8.9688852503346113e-06,0.0001826008776188998,-2.3318004845991837e-07,-1.0966313136405543e-06,0.3477185834651112,0.99999999998009625,1.4750951435665316e-06,-6.0667052918358798e-06,-9.0935463727379346e-07,-0.34331706564541237,0.56939393621331202,1.4977903679182949e-05,-0.57253946104189635,-0.57298189593205451,-0.35470856104529852,0.56940976496495543,-2.0758850629660798e-05,0.5726034568168582,-0.57304015143188591,-4.6635566842758085e-05,-0.00021776731975534734,0.00018386093498730255,0.00058133441282620787,-0.0024264088843065895,-0.00035873719064844563,0.0024686011869344327,-0.0010335267626024856,0.0029843372842306179,0.0010922420447494483,0.0010967082750888645,0.0025923536623197185,0.0010253387599472919,-0.004095160629599328,0.0010724560548009202,-0.0010796265713251068,0.047762470321407867,3.1468245516924522,-0.00030811320564083552,-0.041464883765724291,3.2380815434581685,0.0003060606116983572
nmpc_late,1,0,4,0.01,0,0,0,0,0,0,0,31.042145850451597,32.076862762463584,0.00039837513509023703,0.00010599003422947693,1.3309550204983778e-05,0.00018260624926990778,-3.4975583537092802e-07,-1.6371400064800407e-06,0.34771904302287593,0.99999999995528621,2.1920885956237669e-06,-9.0991873860150745e-06,-1.351820943939858e-06,-0.34331092335831792,0.56939140577644765,2.2423661969376821e-05,-0.57253680212423796,-0.57297922641315047,-0.35470206961919426,0.56941227196162192,-3.0866838303460644e-05,0.57260606737189057,-0.57304277830089079,-5.8287893455504831e-05,-0.00027025434641974325,0.00022977888236377157,0.0007169935253697158,-0.0030324820949529387,-0.00044246618326890898,0.0030711435472173089,-0.0012652184321660361,0.0037228791450969355,0.001329458829183304,0.0013347594520440175,0.0032457130521240658,0.0012534983332577105,-0.0050539938368999223,0.0013052775161921173,-0.0013134345024244745,0.047762470321407867,3.1468245516924522,-0.00030811320564083552,-0.041464883765724291,3.2380815434581685,0.0003060606116983572
nmpc_late,1,1,0,0.012,0,0,0,0,0,0,0,31.042501862292525,32.076812479391805,0.0003983759767168249,0.00011234043826995451,1.8081741200983218e-05,0.00018261218369345985,-4.7928962720746354e-07,-2.2807821414719911e-06,0.34771955166552682,0.99999999991602617,3.0418590671342652e-06,-1.2457329999907173e-05,-1.8735310279028003e-06,-0.34330417715067241,0.5693884290160417,3.1550777236313688e-05,-0.57253369337543358,-0.57297610484814365,-0.3546948735576762,0.56941522059948746,-4.2613775529743242e-05,0.57260912708277079,-0.57304585500315119,-6.4766895918267765e-05,-0.00032182106749597525,0.00025432132543500756,0.00084977026403000415,-0.003358142609003249,-0.00052171045486838308,0.0033731038227445974,-0.001488380202987738,0.0045635576334684342,0.0015543744021654729,0.0015607825034055266,0.0035980307590234841,0.001474318932796422,-0.0058734686131412996,0.0015298554401151118,-0.0015383511302002229,0.046965324927066149,3.1463660542200782,-0.00030809425204122624,-0.042149977965727371,3.2377065748668867,0.00030607948796432016
nmpc_late,1,1,1,0.014,0,0,0,0,0,0,0,31.042738119323879,32.076550939781768,0.00039837997855382556,0.0001233828197149339,2.3181588848627865e-05,0.00018261848641278487,-6.2176425454025652e-07,-3.0260251098056175e-06,0.34772010932462993,0.99999999985859533,4.0215744647843604e-06,-1.6140732818325541e-05,-2.4725367114353507e-06,-0.3432968358013771,0.56938501969736799,4.2364709249608056e-05,-0.57253015188953915,-0.57297254866449077,-0.35468697148528328,0.56941859594846589,-5.5962631948003357e-05,0.57261261757717352,-0.57304936295962416,-7.1237313666396495e-05,-0.0003726214841668132,0.00027882955156051365,0.00097971483670294826,-0.0036834028053973015,-0.00059900668383708723,0.0036706746476590116,-0.0017046593368319817,0.0054069660066471828,0.0017707429471973484,0.0017780918264686948,0.003951036196466428,0.001687674489225978,-0.0066744282091300592,0.0017452472013708314,-0.0017539782364655945,0.046965324927066149,3.1463660542200782,-0.00030809425204122624,-0.042149977965727371,3.2377065748668867,0.00030607948796432016
nmpc_late,1,1,2,0.016,0,0,0,0,0,0,0,31.042943065286817,32.076318840301447,0.00039838776415514893,0.00013489300849509544,2.852768683508263e-05,0.00018262498496072807,-7.7716134146507551e-07,-3.8713311419136706e-06,0.34772071592544335,0.99999999977890697,5.1285846798744966e-06,-2.0148957357649808e-05,-3.1470085459196911e-06,-0.34328890780532823,0.56938118996706777,5.4875181092113811e-05,-0.57252619249045855,-0.57296857296908965,-0.35467836263081182,0.56942238468574202,-7.0879415379111651e-05,0.5726165227419594,-0.57305328588267002,-7.7698543462409515e-05,-0.0004226530160540267,0.00030330040670347087,0.001107009239269994,-0.0040082245153708774,-0.00067447358317064619,0.0039639980244398649,-0.0019148651501171045,0.0062552359212528774,0.0019796995402859749,0.0019878477005615615,0.0043044272357429672,0.0018943686380578715,-0.0074583917155541446,0.0019525823929343305,-0.0019614615229100137,0.046965324927066149,3.1463660542200782,-0.00030809425204122624,-0.042149977965727371,3.2377065748668867,0.00030607948796432016
nmpc_late,1,1,3,0.018000000000000002,0,0,0,0,0,0,0,31.04312230211805,32.076110623416447,0.00039839981451685741,0.00014802518527810008,3.4052803965329117e-05,0.00018263153900749198,-9.4546144765779711e-07,-4.8151574418765166e-06,0.34772137138695275,0.99999999967251407,6.3603785791145752e-06,-2.4481527213328907e-05,-3.8952335266242593e-06,-0.34328040153937595,0.56937695063046601,6.909596979718154e-05,-0.57252182811716479,-0.5729641909387363,-0.35466904666203475,0.56942657481532066,-8.7332948271061619e-05,0.57262082833597372,-0.57305760938620376,-8.4150053096360817e-05,-0.00047191314998142286,0.00032773075468840436,0.0012317924581987938,-0.0043325698177492005,-0.00074822758028792228,0.0042531329761422397,-0.0021196683008668418,0.0071103943525338623,0.0021821866468630918,0.0021910151766765576,0.0046579843885421928,0.0020950647892981279,-0.0082267664459749843,0.0021527970071548177,-0.0021617517668606335,0.046965324927066149,3.1463660542200782,-0.00030809425204122624,-0.042149977965727371,3.2377065748668867,0.00030607948796432016
nmpc_late,1,1,4,0.020000000000000004,0,0,0,0,0,0,0,31.043280647321467,32.075921486668996,0.00039841648769728399,0.00016115314939970683,3.9702801070838644e-05,0.00018263803533058492,-1.1266442159458164e-06,-5.8559564507355208e-06,0.34772207562190799,0.99999999953461527,7.7145500971443712e-06,-2.9137928320942231e-05,-4.7156122882920425e-06,-0.34327132539911492,0.56937231138302968,8.5044730258495039e-05,-0.57251707014590847,-0.57295941414724427,-0.35465902355034784,0.56943115543433376,-0.00010529467590101803,0.57262552166656611,-0.57306232065949303,-9.0591384144009612e-05,-0.00052039950442950191,0.0003521174776064174,0.0013541695721135984,-0.0046564010525883643,-0.00082038229765258469,0.004538070130512821,-0.0023196237181819903,0.0079743802306567486,0.00237898562818474,0.0023883957460244546,0.0050115558434464377,0.002290309506548795,-0.0089808638149782068,0.0023466652961952605,-0.0023556366446208232,0.046965324927066149,3.1463660542200782,-0.00030809425204122624,-0.042149977965727371,3.2377065748668867,0.00030607948796432016
nmpc_late,1,2,0,0.022000000000000006,0,0,0,0,0,0,0,9.7986976130933385,9.854556438289821,0.0003984380361233969,0.0054124255458223467,4.5434026621303482e-05,0.00018264438353980363,-1.7808176965569364e-06,-6.9387518229801945e-06,0.34768314067999678,0.99999999934912853,9.1540503000472194e-06,-3.447415028261242e-05,-5.4295530439516547e-06,-0.34309084960641273,0.56907528087991732,0.00031226769160783358,-0.57219595050429062,-0.57263765839116076,-0.35448018649962498,0.56914472067499333,8.7414380246407224e-05,0.57231478473071506,-0.5727509807510478,-0.00032708674030556,-0.00054139768612233689,-0.019467470955612742,0.0014395045644706177,-0.0053362206842259919,-0.00071394153370781107,0.090237896351098079,-0.14851525155617182,0.11361148067466927,0.16055982080893297,0.16087787804173223,0.089418525361427775,-0.14321737967020184,0.096354528073712628,-0.15536846792554176,0.15566995422263122,-0,-0,-0,-0,-0,-0
nmpc_late,1,2,1,0.024000000000000007,0,0,0,0,0,0,0,9.6792704699614216,9.7308013048252242,0.0003958805557751563,0.0083756004750847844,5.0707595423457434e-05,0.00018151493741199845,-2.894378107596811e-06,-8.0771896654862253e-06,0.34760457586766369,0.99999999910558646,1.070259161472047e-05,-4.0470680603380068e-05,-6.0337706309356607e-06,-0.34274097396703063,0.56848960901734169,0.0007468372926941599,-0.57156704617150733,-0.57200758074269364,-0.35413452746629803,0.56857101620161421,0.00048691001958292037,0.57169729174772776,-0.57213234621784892,-0.00055678020551993722,-0.0005692189212530153,-0.039282406166555532,0.0015485530444963001,-0.0059965274484502515,-0.00060421608002278005,0.17493781969105685,-0.29283593128779112,0.21728480054316313,0.3144521663916322,0.31503882423354052,0.17282951666346863,-0.28685223668953508,0.19974781966825655,-0.30874649149366923,0.30931726659943931,-0,-0,-0,-0,-0,-0
nmpc_late,1,2,2,0.026000000000000009,0,0,0,0,0,0,0,9.5810733728778565,9.6291231942419291,0.00039126660982697486,0.011297435873062811,5.6225924453896109e-05,0.0001794811728950081,-4.4571206540489609e-06,-9.2863483597234942e-06,0.34748638850297348,0.99999999879219803,1.2385717230276876e-05,-4.711288002154845e-05,-6.524981571856587e-06,-0.34222333947026928,0.56761848437213136,0.0013850985587867052,-0.57063761749085551,-0.57107652293503242,-0.35362370605240184,0.56771325778903425,0.001089584771097607,0.57078041577242422,-0.57121387297446036,-0.0007813712732260749,-0.00060457934711863445,-0.059093682345112558,0.0016831458152849772,-0.0066421945265989846,-0.00049120797086776424,0.258817248380669,-0.43556232260514627,0.3191306330462727,0.46471434032593067,0.46552890383060486,0.25541070694809015,-0.42887920628997361,0.30133737575734332,-0.45843798765179256,0.45923662169428159,-0,-0,-0,-0,-0,-0
nmpc_late,1,2,3,0.028000000000000011,0,0,0,0,0,0,0,9.5006934313402294,9.5459930876540291,0.00038502398312222769,0.014180735900820047,6.2190704842544518e-05,0.00017674067219375733,-6.4618783899457658e-06,-1.0582429301698053e-05,0.34732858417195905,0.99999999839578257,1.4230370450800243e-05,-5.4390464121017646e-05,-6.8999753592729861e-06,-0.34153929206599792,0.56646463594637497,0.0022236366066941361,-0.56941381784034861,-0.56985071746504945,-0.35294910869434237,0.56657422784031919,0.0018920724473248289,0.56957043527134754,-0.57000191947873435,-0.0010023788679484023,-0.00064804047098727946,-0.078902165507197947,0.0018446830422874723,-0.0072775767176628675,-0.0003749905583806996,0.34202370213566652,-0.57692421287821616,0.41926902395371551,0.61189982525342967,0.61290273499149495,0.33729867902972299,-0.56951497435751697,0.40124383811361103,-0.60499025053833955,0.60597674786301881,-0,-0,-0,-0,-0,-0
nmpc_late,1,2,4,0.030000000000000013,0,0,0,0,0,0,0,9.4352209945799235,9.4783990490421637,0.0003775005182395999,0.017027784537456483,6.8782503989602852e-05,0.00017346100089061522,-8.9042167348866463e-06,-1.1982507197442148e-05,0.34713116694820517,0.99999999790166849,1.6264561361380298e-05,-6.2297064804388489e-05,-7.1556753772703889e-06,-0.34068993689643184,0.56503042007801674,0.0032592465490238827,-0.56790087372258291,-0.56833546530480417,-0.35211189905625134,0.5651563578659673,0.0028912159268289156,0.56807271167643447,-0.56850192204712491,-0.0012211691724704403,-0.00070003894787204739,-0.098708611876943714,0.0020342315620780543,-0.0079065903004887726,-0.00025569814773042935,0.42467758478305118,-0.71710793417909535,0.51780497116487334,0.75647205888282387,0.75762608012265209,0.41860481904550118,-0.70893498717592918,0.49957173975204328,-0.74886179745654524,0.74999871580474298,-0,-0,-0,-0,-0,-0
nmpc_late,1,3,0,0.032000000000000015,0,0,0,0,0,0,0,9.3821759264650382,9.4237710473077936,0.00036897679459239191,0.019840380399313386,7.6162880088483759e-05,0.00016978341938157611,-1.1782174641368675e-05,-1.3504331905236056e-05,0.34689413958152293,0.99999999729355815,1.8517115640820368e-05,-7.0829858706846212e-05,-7.2891905635732043e-06,-0.33967618429756752,0.56331789458977399,0.0044889055681144275,-0.56610323931231887,-0.5665352889659826,-0.3511130608465205,0.56346179889467596,0.004084037801619987,0.56629184187416337,-0.56671854597380944,-0.0014389789532410144,-0.0007609123538969535,-0.11851368334113385,0.0022526070249323715,-0.0085327799755661148,-0.00013351673574574092,0.50687629943215251,-0.85626274412138048,0.61482950954527227,0.89881720513203933,0.90008816941079739,0.49941910486542473,-0.8472794856456688,0.59641093739553563,-0.89043490113552637,0.89168803665772745,-0,-0,-0,-0,-0,-0
nmpc_late,1,3,1,0.034000000000000016,0,0,0,0,0,0,0,9.3394458688906425,9.3799179816910332,0.0003596769662374058,0.022619879144569588,8.4476760438583788e-05,0.00016582629851125884,-1.5096044994925182e-05,-1.516617328986922e-05,0.34661750366063798,0.99999999655336347,2.1017490623809312e-05,-7.9989251905313336e-05,-7.2978589855406042e-06,-0.33849878870589023,0.561328881918011,0.0059097471287862255,-0.56402472890949784,-0.56445406413497112,-0.34995343409965468,0.56149248146139985,0.0054677137202056676,0.56423178899954285,-0.56465581559746059,-0.0016569351767782537,-0.00083092069231658163,-0.13831796044246991,0.00250044114054503,-0.0091593751610476778,-8.6759230031928185e-06,0.58869779583864768,-0.99450633588150728,0.71042078033589884,1.039255201410489,1.0406124155057213,0.57981337343289874,-0.98465871663804561,0.69183795929284031,-1.0300264373102495,1.0313651881744315,-0,-0,-0,-0,-0,-0
nmpc_late,1,3,2,0.036000000000000018,0,0,0,0,0,0,0,9.3052339954668,9.3449743276832375,0.00034977802154652349,0.025367239194871015,9.3876557538552117e-05,0.00016168819385095753,-1.8848188099669636e-05,-1.6986700939028329e-05,0.34630125975400949,0.9999999956610135,2.3795644980143518e-05,-8.9778612100128755e-05,-7.1792844508036294e-06,-0.3371583814520886,0.55906502270354874,0.007519037370051317,-0.56166863026130842,-0.5620951326632434,-0.34863374581900264,0.55925016656725968,0.0070395483384499656,0.56189599442793037,-0.56231722603353118,-0.0018760715523722265,-0.00091026382457955559,-0.15812195331424408,0.0027782352916204131,-0.0097893374659045098,0.00011855805311556045,0.67020362690081114,-1.1319296072311531,0.80464512063254556,1.1780493240947094,1.1794657358638607,0.65984414032602146,-1.1211574470701122,0.78591730912214897,-1.1678972858062533,1.1692947819647259,-0,-0,-0,-0,-0,-0
nmpc_late,1,3,3,0.03800000000000002,0,0,0,0,0,0,0,9.2780144468736019,9.3173545552603745,0.00033941768697768465,0.028083067829134042,0.0001048731811874418,0.00015745057531425314,-2.3042873120439519e-05,-1.8984891490193051e-05,0.34594540753224212,0.99999999459423417,2.6881950216269854e-05,-0.00010020404090796121,-6.9313671844152306e-06,-0.3356554982904662,0.55652782111752208,0.0093141537160030246,-0.55903780131322833,-0.55946139933460737,-0.34715463575262251,0.55673648880684234,0.0087969538082000309,0.55928747346360086,-0.55970583893580927,-0.0020973425103849408,-0.00099909527558236094,-0.17792611088369653,0.003086402352967465,-0.010425400801761697,0.00024788825326092307,0.75144158081119272,-1.2686007930133258,0.89755817297585405,1.3154144740400175,1.3168666643180222,0.73955503319006444,-1.2568388802086761,0.87870273487503259,-1.3042604821647545,1.3056935488609425,-0,-0,-0,-0,-0,-0
nmpc_late,1,3,4,0.040000000000000022,0,0,0,0,0,0,0,9.2564941081429062,9.2957139609411463,0.00032870116448477371,0.03077078714233844,0.00011717055269482859,0.00015318022940142797,-2.7686143179983981e-05,-2.1179957409267932e-05,0.34554994587501497,0.99999999332830136,3.0307134186802437e-05,-0.00011127418009172955,-6.5523294987474583e-06,-0.3339906023974395,0.5537186830231231,0.011292565713418808,-0.55613475260754408,-0.55655541452151569,-0.34551667796965835,0.55395299269641263,0.010737430720608425,0.55640889689236095,-0.55682436435095439,-0.0023216350297722318,-0.0010975329595374411,-0.19773082861358163,0.0034252986984315489,-0.011070105320545367,0.00037899204450835293,0.83244794651335896,-1.4045690471995045,0.98920599870789194,1.4515243528420987,1.4529924065458435,0.81897889148209047,-1.3917480552148653,0.9702384562041968,-1.4392882856199478,1.4407372924274509,-0,-0,-0,-0,-0,-0
nmpc_late,1,4,0,0.042000000000000023,0,0,0,0,0,0,0,9.2395797080344373,9.2789148861667456,0.00031770686533483944,0.033456839966020953,0.00013086848524635115,0.00014893136071043511,-3.2785700491553135e-05,-2.3591292160853139e-05,0.34511487296500143,0.99999999183576793,3.4102248689042422e-05,-0.00012300004653189713,-6.0407372753537619e-06,-0.33216410347256253,0.55063894792926527,0.013451818060602944,-0.55296171725584031,-0.55337944457592814,-0.34372039881468031,0.55090116310146076,0.012858551396921047,0.55326266028262194,-0.55367523047170686,-0.0025497786557845781,-0.0012056673757926027,-0.21753645500676774,0.0037952482809965483,-0.011725826156579047,0.00051152528936697654,0.91324946243847394,-1.5398675469289356,1.0796261735920685,1.5865176758519024,1.5879849727938027,0.89813957748901385,-1.525914797475963,1.0605603381563118,-1.5731183048695094,1.5745669396237947,-0,-0,-0,-0,-0,-0
nmpc_late,1,4,1,0.044000000000000025,0,0,0,0,0,0,0,9.2263494413269349,9.2659975212256125,0.00030649128072489373,0.036111873063299327,0.00014606008200211272,0.00014474742275768872,-3.8350808475689469e-05,-2.6238427714575429e-05,0.34464018637087507,0.99999999008616292,3.8298654883172212e-05,-0.00013539489155928993,-5.395517975802495e-06,-0.330176373488897,0.54728991556859574,0.015789515750820979,-0.54952071016021486,-0.54993553156834907,-0.34176629173992534,0.54758245054720112,0.015157945394959117,0.54985094267563084,-0.55026064287025656,-0.002782553992068166,-0.0013235677768611454,-0.23734329706318702,0.0041965604556611271,-0.012394797788938178,0.00064512581766354004,0.99386499183276045,-1.6745161803347617,1.1688488451090167,1.7205035478127466,1.7219565037895417,0.97705353737749412,-1.6593562771298227,1.1496969990190344,-1.7058588034955477,1.7072938007251333,-0,-0,-0,-0,-0,-0
nmpc_late,1,4,2,0.046000000000000027,0,0,0,0,0,0,0,9.2160284699068011,9.2561546511573596,0.00029509311058118631,0.038735535578373059,0.00016283310664841973,0.00014066270839447202,-4.4392208288041753e-05,-2.9141001199515054e-05,0.34412588312117576,0.99999998804566292,4.2928021693078784e-05,-0.00014847408095563974,-4.6159758042833124e-06,-0.32802775956450608,0.5436728678255961,0.018303311219913718,-0.54581357793977203,-0.54622554378601607,-0.33965482944830733,0.54399829209669281,0.017633287079669015,0.54617575609415969,-0.54658263459710232,-0.0030206999061761432,-0.0014512867424698126,-0.25715162484966247,0.0046295429573384598,-0.013079134710130603,0.00077941627555008514,1.074306962195454,-1.808523871499818,1.2568977345463694,1.8535661102214209,1.8549938911664896,1.0557311458090064,-1.7920792252541773,1.2376708423549501,-1.8375932907355534,1.839004136577133,-0,-0,-0,-0,-0,-0
nmpc_late,1,4,3,0.048000000000000029,0,0,0,0,0,0,0,9.2079677705130418,9.2487098122056928,0.00028353675559711355,0.041327326069531309,0.00018127117425596111,0.00013670372870072225,-5.0922047589567464e-05,-3.2318728240286689e-05,0.34357195977053701,0.9999999856767352,4.8022333499752508e-05,-0.00016225499250863156,-3.7018045597861164e-06,-0.32571859436187228,0.53978908664776126,0.020990893363051301,-0.54184204082916376,-0.54225121822355915,-0.33738647372190644,0.54015012839517984,0.020282285092685998,0.54223898711480123,-0.54264310835844132,-0.0032649196507628557,-0.0015888635203858167,-0.27696167531937071,0.0050945111907416338,-0.013780848981689188,0.00091400643667348142,1.1545826013169047,-1.9418905889173996,1.3437910715687904,1.9857685553041469,1.9871627812284689,1.1341778632004507,-1.9240818507564872,1.3244990065084914,-1.9683844896792424,1.9697631193304783,-0,-0,-0,-0,-0,-0
nmpc_late,1,4,4,0.050000000000000031,0,0,0,0,0,0,0,9.2016258805963282,9.2430984102333387,0.00027183526343203812,0.043886619651474279,0.00020145478603423976,0.00013289040701285499,-5.7953819734363646e-05,-3.5791381092421607e-05,0.34297841245954147,0.99999998293774961,5.3613904364953892e-05,-0.00017675692850175069,-2.6530986399426353e-06,-0.32324920436578936,0.53563986849186329,0.023849978269769964,-0.53760772765057374,-0.53801419614348212,-0.33496168326014025,0.536039417403957,0.023102673548803396,0.53804243158822262,-0.53844387183351672,-0.0035158860723980903,-0.0017363264260674607,-0.2967736554977683,0.0055917947579744234,-0.014501865170196708,0.0010484950512436137,1.2346949980414681,-2.0746090779489612,1.4295424533593324,2.1171565892950115,2.1185110400384897,1.2123952308831074,-2.0553554956114231,1.4101942280586979,-2.0982777632892846,2.0996182624622728,-0,-0,-0,-0,-0,-0
nmpc_late,1,5,0,0.052000000000000032,0,0,0,0,0,0,0,9.196553158556263,9.2388514162043833,0.00025999280770014344,0.046412691857428939,0.00022346222997155917,0.00012923711216226378,-6.5502311843509915e-05,-3.9578770158056964e-05,0.34234523696927166,0.99999997978256061,5.9735396750105747e-05,-0.00019200104093990719,-1.4703625917004728e-06,-0.32061991634160136,0.53122653578644519,0.02687830151815751,-0.53311220481631583,-0.53351605264684931,-0.33238091980793383,0.53166764528100874,0.026092204785668264,0.53358782345118505,-0.53398666705986497,-0.0037742460545731379,-0.0018936945328176795,-0.31658774513490273,0.0061217419510692676,-0.015244033084427797,0.0011824712999389951,1.3146440120940017,-2.206666352709044,1.5141616241937732,2.2477614171289408,2.2490717483164255,1.2903817261031987,-2.1858860614741014,1.4947656184324347,-2.2273040685187606,2.2286023868258757,-0,-0,-0,-0,-0,-0
nmpc_late,1,5,1,0.054000000000000034,0,0,0,0,0,0,0,9.1923782266751388,9.2355813048502089,0.00024800676767845753,0.048904739436232122,0.00024737036697345207,0.00012575355232795305,-7.3583560483662401e-05,-4.3700727824614533e-05,0.34167242877145254,0.99999997616005476,6.6419843258119001e-05,-0.00020801026767108187,-1.5451954510017459e-07,-0.31783106223354768,0.52655044582964816,0.030073611866753239,-0.52835700019342779,-0.5287583210743233,-0.32964465281606509,0.52703633480766154,0.029248643495762214,0.52887685845127319,-0.5292731946969369,-0.0040406243200762403,-0.0020609788332787847,-0.3364040989095638,0.0066847227722026999,-0.016009138672875109,0.001315515911560096,1.3944270540268486,-2.3380449783985093,1.5976551742978644,2.3776023114440172,2.3788657862630083,1.3681334959343667,-2.3156552366736167,1.5782193550469756,-2.3554824999559325,2.3567361814640133,-0,-0,-0,-0,-0,-0
nmpc_late,1,5,2,0.056000000000000036,0,0,0,0,0,0,0,9.1887963082624928,9.2329699449202067,0.00023586946733007708,0.051361898316659438,0.00027325531958374122,0.00012244554829389428,-8.2214813883195332e-05,-4.8177093847507527e-05,0.34095998307493597,0.99999997201366386,7.3700670355442315e-05,-0.00022480927787139234,1.2930811853067066e-06,-0.31488298272654813,0.52161299748717316,0.033433666184883193,-0.52334362255197264,-0.52374251295224916,-0.32675336284271933,0.522147051709555,0.032569762075609257,0.52391121349792491,-0.52430513387528732,-0.0043156266997664621,-0.0022381830114464956,-0.35622284825827666,0.0072811309111515919,-0.016798913388815548,0.0014472019961678344,1.4740397534997767,-2.4687241712374757,1.680027159064976,2.5066888207275957,2.5079040610370558,1.4456449866728847,-2.4446415490532707,1.660559289923522,-2.4828224766741549,2.484030410824797,-0,-0,-0,-0,-0,-0
nmpc_late,1,5,3,0.058000000000000038,0,0,0,0,0,0,0,9.1855592072393613,9.2307581854887033,0.00022356962411508585,0.053783258974658743,0.00030119307795685793,0.00011931570243126274,-9.1414499801860817e-05,-5.3027701709202713e-05,0.3402078948691532,0.99999996728084184,8.1611723355093518e-05,-0.00024242442562379178,2.8706570922261105e-06,-0.31177602966326629,0.51641563600769091,0.036956225467441782,-0.51807357722320746,-0.51847013410608689,-0.3237075438765003,0.51700140917555881,0.036053337035167166,0.51869256225961291,-0.51908415824783294,-0.0045998429593327424,-0.002425303930847591,-0.3760441028913773,0.0079113850034412073,-0.017615042285732213,0.0015770956390731292,1.5534765316409178,-2.5986807397411256,1.761279641279295,2.6350226643826167,2.6361894230811345,1.5229094831095116,-2.5728212669981083,1.7417874797789552,-2.6093256191559728,2.6104878137272038,-0,-0,-0,-0,-0,-0
nmpc_late,1,5,4,0.060000000000000039,0,0,0,0,0,0,0,9.182466710174948,9.2287369141695841,0.00021109355100221161,0.056167879433867293,0.00033126003558049026,0.0001163639774514343,-0.00010120219832680157,-5.8272365544855155e-05,0.33941615896505506,0.99999996189250084,9.0187292181164418e-05,-0.00026088371054565541,4.5759858611001305e-06,-0.30851056748106143,0.51095985623153661,0.040639051787490318,-0.51254837851058976,-0.51294269748264421,-0.32050770473614848,0.51160107083910722,0.039697146319688931,0.51322258754525252,-0.51361194878014238,-0.0048938492624703766,-0.0026223319178262229,-0.39586795204908631,0.0085759294089037038,-0.018459171068138117,0.0017047562953710308,1.6327310911024353,-2.727889888077168,1.8414131600242694,2.7625993563088258,2.763718311721326,1.5999195701759004,-2.7001691682257709,1.8219046422608816,-2.734987357180203,2.7361047338452962,-0,-0,-0,-0,-0,-0
nmpc_late,1,6,0,0.062000000000000041,0,0,0,0,0,0,0,9.1793592186148771,9.2267393906886355,0.00019842614895811822,0.058514796119300272,0.00036353346532417424,0.00011358819692777031,-0.00011159861900221182,-6.3930867340324527e-05,0.33858477003397025,0.99999995577240808,9.946213760923052e-05,-0.00028021674461337081,6.4063989844172907e-06,-0.30508697380990785,0.50524720443234239,0.044479906048653803,-0.50676955932422418,-0.5071617331518895,-0.31715436968052219,0.50594775245215906,0.043498967406368147,0.50750299093662621,-0.50789020374704974,-0.005198210337705126,-0.0028292508977346849,-0.41569446554241313,0.0092752346845723557,-0.019332912290665007,0.0018297370196135886,1.7117968355767885,-2.856325899597103,1.9204271305817437,2.8894095931828025,2.8904821653773296,1.6766675278131475,-2.8266591934740841,1.9009105433396067,-2.859798304313153,2.8608725165463236,-0,-0,-0,-0,-0,-0
nmpc_late,1,6,1,0.064000000000000043,0,0,0,0,0,0,0,9.1761114440413287,9.2246346837415594,0.00018555172188582103,0.060823032770707205,0.00039809194470510076,0.00011098447777094921,-0.00012262558181535592,-7.0022944190467037e-05,0.33771372264473687,0.99999994883653709,0.00010947151779928126,-0.00030045472449756716,8.3587754699232051e-06,-0.3015056393520264,0.49927927899972929,0.048476546408562152,-0.50073867844644382,-0.50112879589741388,-0.31364807834357178,0.50004322245202781,0.047456576048362092,0.50153550007653236,-0.50192064634192568,-0.0055134814065720527,-0.0030460384250712538,-0.43552369461670137,0.010009797874082545,-0.020237850870943049,0.0019515845605657268,1.7906672289407128,-2.9839627163065359,1.9983201799541761,3.0154404388901828,3.0164686272378276,1.7531456684751945,-2.9522650000656405,1.9788043209969732,-2.9837454300469339,2.9847787025620098,-0,-0,-0,-0,-0,-0
nmpc_late,1,6,2,0.066000000000000045,0,0,0,0,0,0,0,9.1726270194338433,9.222322060783906,0.0001724546413921918,0.063091607607307129,0.00043501573777362103,0.00010854760327915505,-0.00013430600166091427,-7.6568275461004554e-05,0.33680301129939777,0.99999994099237366,0.00012025121501897426,-0.0003216304088649233,1.0429535533438129e-05,-0.29776696714640355,0.49305773014373233,0.052626727254081865,-0.49445732578157786,-0.49484547075077889,-0.30998938509270396,0.49388930159515348,0.051567745549015977,0.49532187396331967,-0.49570503025165169,-0.0058402099227791767,-0.0032726656352687579,-0.45535567266953686,0.010780142694754309,-0.021175549058580115,0.0020698393466813459,1.8693361028114244,-3.1107744279984777,2.075090422759855,3.1406763324329834,3.1416625733174892,1.8293466254339106,-3.0769604284371663,2.0555847503269411,-3.1068130566063514,3.1078080451369829,-0,-0,-0,-0,-0,-0
nmpc_late,1,6,3,0.068000000000000047,0,0,0,0,0,0,0,9.1688339005249944,9.2197261996810767,0.00015911988480329237,0.065319538920460926,0.00047438713969447793,0.00010627134405058854,-0.00014666387599123463,-8.3586469731228221e-05,0.33585263046769886,0.99999993213817095,0.00013183756250331104,-0.00034377810022518973,1.2614634188595788e-05,-0.29387137130619406,0.48658425877775779,0.05692819861853974,-0.48792712589551063,-0.48831337677806425,-0.30617885789475807,0.48748786180902581,0.055830246459098523,0.48886390655544981,-0.48924514350379378,-0.0061789371651601831,-0.0035090971351118341,-0.47519041584944932,0.011586819670638094,-0.022147550982942899,0.0021840353839118472,1.9477979201047328,-3.2367356829872587,2.1507356822289374,3.2650999430336305,3.2660469863573116,1.9052635989729583,-3.2007198930638392,2.131250455041275,-3.2289837039349392,3.2299433739289531,-0,-0,-0,-0,-0,-0
nmpc_late,1,6,4,0.070000000000000048,0,0,0,0,0,0,0,9.1646804466755629,9.2167931082341319,0.00014553346643945975,0.067505849255864517,0.00051629078887557682,0.00010414873294604678,-0.00015972427543418501,-9.109705141124188e-05,0.33486257462058439,0.99999992216215339,0.0001442674714181952,-0.00036693363100823916,1.4909554663615433e-05,-0.28981927530388812,0.47986061471611513,0.061378705940376227,-0.48114974010946754,-0.4815341693860542,-0.30221707676151155,0.48084082439350379,0.0602418465994893,0.48216342894882674,-0.4825428108518286,-0.0065301997214751916,-0.0037552908400068277,-0.49502792355724973,0.012430406232874247,-0.023155386885927269,0.0022937000836561806,2.026048001152962,-3.3618220308213185,2.2252536609182449,3.3886928930215339,3.3896036960050195,1.9808905666232715,-3.3235187077610004,2.205800070195389,-3.3502388033115462,3.3511663259825948,-0,-0,-0,-0,-0,-0
nmpc_late,1,7,0,0.07200000000000005,0,0,0,0,0,0,0,9.1601320861191198,9.2134866526845318,0.00013168277923027161,0.0696495683324726,0.00056081395037980292,0.00010217229939225145,-0.00017351333722480394,-9.911944692933444e-05,0.33383283826284865,0.99999991094166385,0.0001575784578940835,-0.00039113435364830613,1.7309301589423895e-05,-0.28561110986778765,0.47288859430412566,0.065975990071579588,-0.47412686737674509,-0.47450954137991813,-0.29810463183593894,0.47395015768533311,0.064800311320973525,0.47522231035405088,-0.47559989492879445,-0.0068945308953094683,-0.0040111977590462792,-0.51486817886785952,0.01331150678610258,-0.024200577132069412,0.0023983540350789416,2.1040827180502313,-3.4860102059947344,2.2986420656016779,3.5114363663612185,3.5123140030680249,2.0562224627863128,-3.4453333540853341,2.2792323607421103,-3.4705592973879402,3.4714579615170824,-0,-0,-0,-0,-0,-0
nmpc_late,1,7,1,0.074000000000000052,0,0,0,0,0,0,0,9.1551684833324174,9.2097856095823332,0.00011755686123342962,0.071749734831744474,0.00060804677328121217,0.00010033426759917617,-0.00018805826135344478,-0.00010767297037456175,0.33276341596507458,0.99999989834225145,0.00017180867007508948,-0.00041641913453342109,1.9808393914277242e-05,-0.28124731054353752,0.46567003758313358,0.070717787452790976,-0.46686024414012145,-0.46724122297327275,-0.29384212117114622,0.46681787428440652,0.06950340392157954,0.46804245806979744,-0.46841829636876764,-0.0072724620643204218,-0.0042767617226136491,-0.5347111488870252,0.014230752720057594,-0.025284636076850886,0.0024975107326647458,2.1818996621250593,-3.6092783604960519,2.3708986906056935,3.6333116183118288,3.6341592033226924,2.1312553323963472,-3.5661417004632963,2.3515463003030104,-3.5899261421267123,3.5907992800134014,-0,-0,-0,-0,-0,-0
nmpc_late,1,7,2,0.076000000000000054,0,0,0,0,0,0,0,9.3886488030774711,9.2005630618772827,0.00010314659946692589,0.073252728849240736,0.00065808252358494313,9.8626722706759415e-05,-0.00020339069013591431,-0.00011641885677162473,0.33165429838267302,0.99999988431639952,0.00018643527201342528,-0.00044283321356831094,2.2534908101126154e-05,-0.27672907167557859,0.45820838245974982,0.075600760411088735,-0.45935335595679982,-0.45973268954144103,-0.28942209976278555,0.45943878921665554,0.07432677941708539,0.46061824060398593,-0.46099256477886053,-0.0076662143912347679,-0.0043729431985314871,-0.55455879120078699,0.014627215015627476,-0.026413903485089631,0.0027249615587945368,2.25911943397946,-3.7308275616918785,2.4414864791488804,3.7534440916608158,3.7542667159158545,2.2100107041803452,-3.6895425338754877,2.4116877477529237,-3.7121087329057625,3.7128657949535624,-0,-0,-0,-0,-0,-0
nmpc_late,1,7,3,0.078000000000000055,0,0,0,0,0,0,0,9.360559262698338,9.1957409635627165,9.2790617429672206e-05,0.075227903128874701,0.00070146731047468968,9.7056804448095011e-05,-0.00021954022438694013,-0.0001253680805490525,0.33050548055290707,0.99999986873058289,0.0002014861698965986,-0.00047041885893513261,2.5460515065247682e-05,-0.2720568683704177,0.45050557130826713,0.080622573359006994,-0.45160799935017787,-0.45198573239250467,-0.28484576382189553,0.45181557777082781,0.079270304054096657,0.45295230007707332,-0.45332528079451606,-0.0080747671255129057,-0.0044746118887138871,-0.57440891488296952,0.015051572966226249,-0.027585442816382109,0.0029240848772080883,2.3361016525804308,-3.8514055757413561,2.5109064739591318,3.8726783033109817,3.8734785744681828,2.2881679704450066,-3.8116057229138653,2.4717623185056312,-3.8329702634563141,3.8336419921722356,-0,-0,-0,-0,-0,-0
nmpc_late,1,7,4,0.080000000000000057,0,0,0,0,0,0,0,9.3456735969184024,9.4351022547376857,8.5980829777489165e-05,0.077184845203263741,0.00074306273036383588,9.5612783024980581e-05,-0.00023654257837875213,-0.00013418800896535776,0.32931695301216368,0.99999985160026472,0.00021627543227091314,-0.00049922683766142923,2.8230322696702092e-05,-0.26722563559971835,0.44255934213672865,0.085760178498952608,-0.44362170648990856,-0.44399806065107039,-0.28011245477404723,0.44394879908094609,0.084334511395526585,0.44504506884747863,-0.44541682808793681,-0.0085011769959059975,-0.0044099642081526355,-0.5942637703717063,0.014789833390831751,-0.028807801472492851,0.0027686549658629293,2.4156163853496793,-3.9731145857692485,2.5688025699728083,3.9931464301346438,3.9938358707171457,2.3666545239241388,-3.9333893449408515,2.5321036707149647,-3.9536156147973416,3.9542263532896316,-0,-0,-0,-0,-0,-0
