candidate,source,tick,channel,signed_scale,signature_id,solver_success,contact_count_left,contact_count_right,active_torque,active_contact,active_acceleration,slack_state,full_dynamics_residual,contact_reconstruction_residual,same_as_baseline_regime
B,common,0,baseline,0.0,ec0cb7e509eaf211,True,2,2,0,0,0,nonmaterial,7.105427357601002e-15,0.0,True
B,common,0,native_common,-1.0,ec0cb7e509eaf211,True,2,2,0,0,0,nonmaterial,7.105427357601002e-15,0.0,True
B,common,0,native_common,1.0,ec0cb7e509eaf211,True,2,2,0,0,0,nonmaterial,1.4210854715202004e-14,0.0,True
B,common,0,native_common,-0.5,ec0cb7e509eaf211,True,2,2,0,0,0,nonmaterial,4.263256414560601e-14,0.0,True
B,common,0,native_common,0.5,ec0cb7e509eaf211,True,2,2,0,0,0,nonmaterial,2.1316282072803006e-14,0.0,True
B,common,0,native_common,-0.25,ec0cb7e509eaf211,True,2,2,0,0,0,nonmaterial,1.4210854715202004e-14,0.0,True
B,common,0,native_common,0.25,ec0cb7e509eaf211,True,2,2,0,0,0,nonmaterial,3.3861802251067274e-15,0.0,True
B,common,0,native_differential,-1.0,ec0cb7e509eaf211,True,2,2,0,0,0,nonmaterial,4.263256414560601e-14,0.0,True
B,common,0,native_differential,1.0,ec0cb7e509eaf211,True,2,2,0,0,0,nonmaterial,2.1316282072803006e-14,0.0,True
B,common,0,native_differential,-0.5,ec0cb7e509eaf211,True,2,2,0,0,0,nonmaterial,1.4432899320127035e-15,0.0,True
B,common,0,native_differential,0.5,ec0cb7e509eaf211,True,2,2,0,0,0,nonmaterial,7.105427357601002e-15,0.0,True
B,common,0,native_differential,-0.25,ec0cb7e509eaf211,True,2,2,0,0,0,nonmaterial,7.105427357601002e-15,0.0,True
B,common,0,native_differential,0.25,ec0cb7e509eaf211,True,2,2,0,0,0,nonmaterial,1.4210854715202004e-14,0.0,True
B,common,46,baseline,0.0,f18ec7de0248584a,True,2,2,0,0,0,nonmaterial,7.105427357601002e-15,0.0,True
B,common,46,native_common,-1.0,f18ec7de0248584a,True,2,2,0,0,0,nonmaterial,7.105427357601002e-15,0.0,True
B,common,46,native_common,1.0,f18ec7de0248584a,True,2,2,0,0,0,nonmaterial,7.105427357601002e-15,0.0,True
B,common,46,native_common,-0.5,f18ec7de0248584a,True,2,2,0,0,0,nonmaterial,7.105427357601002e-15,0.0,True
B,common,46,native_common,0.5,f18ec7de0248584a,True,2,2,0,0,0,nonmaterial,2.6487059073820873e-15,0.0,True
B,common,46,native_common,-0.25,f18ec7de0248584a,True,2,2,0,0,0,nonmaterial,5.812624687129286e-15,0.0,True
B,common,46,native_common,0.25,f18ec7de0248584a,True,2,2,0,0,0,nonmaterial,1.8596235662471372e-15,0.0,True
B,common,46,native_differential,-1.0,f18ec7de0248584a,True,2,2,0,0,0,nonmaterial,1.4210854715202004e-14,0.0,True
B,common,46,native_differential,1.0,f18ec7de0248584a,True,2,2,0,0,0,nonmaterial,7.105427357601002e-15,0.0,True
B,common,46,native_differential,-0.5,f18ec7de0248584a,True,2,2,0,0,0,nonmaterial,2.1316282072803006e-14,0.0,True
B,common,46,native_differential,0.5,f18ec7de0248584a,True,2,2,0,0,0,nonmaterial,7.105427357601002e-15,0.0,True
B,common,46,native_differential,-0.25,f18ec7de0248584a,True,2,2,0,0,0,nonmaterial,2.9004576518332215e-15,0.0,True
B,common,46,native_differential,0.25,f18ec7de0248584a,True,2,2,0,0,0,nonmaterial,7.105427357601002e-15,0.0,True
B,common,74,baseline,0.0,bc2d9340d6fdc1bc,True,2,2,0,0,1,nonmaterial,5.684341886080802e-14,0.0,True
B,common,74,native_common,-1.0,bc2d9340d6fdc1bc,True,2,2,0,0,1,nonmaterial,5.237477118669176e-14,0.0,True
B,common,74,native_common,1.0,bc2d9340d6fdc1bc,True,2,2,0,0,1,nonmaterial,4.615405280183893e-14,0.0,True
B,common,74,native_common,-0.5,bc2d9340d6fdc1bc,True,2,2,0,0,1,nonmaterial,5.684341886080802e-14,0.0,True
B,common,74,native_common,0.5,bc2d9340d6fdc1bc,True,2,2,0,0,1,nonmaterial,2.842170943040401e-14,0.0,True
B,common,74,native_common,-0.25,bc2d9340d6fdc1bc,True,2,2,0,0,1,nonmaterial,4.263256414560601e-14,0.0,True
B,common,74,native_common,0.25,bc2d9340d6fdc1bc,True,2,2,0,0,1,nonmaterial,4.263256414560601e-14,0.0,True
B,common,74,native_differential,-1.0,bc2d9340d6fdc1bc,True,2,2,0,0,1,nonmaterial,2.1285057050235423e-14,0.0,True
B,common,74,native_differential,1.0,bc2d9340d6fdc1bc,True,2,2,0,0,1,nonmaterial,5.015085569048949e-14,0.0,True
B,common,74,native_differential,-0.5,bc2d9340d6fdc1bc,True,2,2,0,0,1,nonmaterial,3.552713678800501e-14,0.0,True
B,common,74,native_differential,0.5,bc2d9340d6fdc1bc,True,2,2,0,0,1,nonmaterial,2.4012042354470964e-14,0.0,True
B,common,74,native_differential,-0.25,bc2d9340d6fdc1bc,True,2,2,0,0,1,nonmaterial,6.394884621840902e-14,0.0,True
B,common,74,native_differential,0.25,bc2d9340d6fdc1bc,True,2,2,0,0,1,nonmaterial,4.263256414560601e-14,0.0,True
B,common,101,baseline,0.0,8a5a9aa873914384,True,2,2,0,0,3,nonmaterial,7.105427357601002e-14,0.0,True
B,common,101,native_common,-1.0,8a5a9aa873914384,True,2,2,0,0,3,nonmaterial,6.394884621840902e-14,0.0,True
B,common,101,native_common,1.0,8a5a9aa873914384,True,2,2,0,0,3,nonmaterial,5.684341886080802e-14,0.0,True
B,common,101,native_common,-0.5,8a5a9aa873914384,True,2,2,0,0,3,nonmaterial,7.105427357601002e-14,0.0,True
B,common,101,native_common,0.5,8a5a9aa873914384,True,2,2,0,0,3,nonmaterial,4.973799150320701e-14,0.0,True
B,common,101,native_common,-0.25,8a5a9aa873914384,True,2,2,0,0,3,nonmaterial,5.684341886080802e-14,0.0,True
B,common,101,native_common,0.25,8a5a9aa873914384,True,2,2,0,0,3,nonmaterial,4.263256414560601e-14,0.0,True
B,common,101,native_differential,-1.0,8a5a9aa873914384,True,2,2,0,0,3,nonmaterial,9.237055564881302e-14,0.0,True
B,common,101,native_differential,1.0,8a5a9aa873914384,True,2,2,0,0,3,nonmaterial,2.842170943040401e-14,0.0,True
B,common,101,native_differential,-0.5,8a5a9aa873914384,True,2,2,0,0,3,nonmaterial,4.973799150320701e-14,0.0,True
B,common,101,native_differential,0.5,8a5a9aa873914384,True,2,2,0,0,3,nonmaterial,7.105427357601002e-14,0.0,True
B,common,101,native_differential,-0.25,8a5a9aa873914384,True,2,2,0,0,3,nonmaterial,6.084022174945858e-14,0.0,True
B,common,101,native_differential,0.25,8a5a9aa873914384,True,2,2,0,0,3,nonmaterial,5.684341886080802e-14,0.0,True
B,common,110,baseline,0.0,9cdcf094658d235d,True,2,1,0,2,4,material,4.263256414560601e-14,0.0,True
B,common,110,native_common,-1.0,9cdcf094658d235d,True,2,1,0,2,4,material,1.4210854715202004e-14,0.0,True
B,common,110,native_common,1.0,9cdcf094658d235d,True,2,1,0,2,4,material,1.4210854715202004e-14,0.0,True
B,common,110,native_common,-0.5,9cdcf094658d235d,True,2,1,0,2,4,material,4.263256414560601e-14,0.0,True
B,common,110,native_common,0.5,9cdcf094658d235d,True,2,1,0,2,4,material,5.329070518200751e-15,0.0,True
B,common,110,native_common,-0.25,9cdcf094658d235d,True,2,1,0,2,4,material,1.2434497875801753e-14,0.0,True
B,common,110,native_common,0.25,9cdcf094658d235d,True,2,1,0,2,4,material,1.4210854715202004e-14,0.0,True
B,common,110,native_differential,-1.0,9cdcf094658d235d,True,2,1,0,2,4,material,1.4210854715202004e-14,0.0,True
B,common,110,native_differential,1.0,9cdcf094658d235d,True,2,1,0,2,4,material,1.4210854715202004e-14,0.0,True
B,common,110,native_differential,-0.5,9cdcf094658d235d,True,2,1,0,2,4,material,1.4210854715202004e-14,0.0,True
B,common,110,native_differential,0.5,9cdcf094658d235d,True,2,1,0,2,4,material,1.4210854715202004e-14,0.0,True
B,common,110,native_differential,-0.25,9cdcf094658d235d,True,2,1,0,2,4,material,2.842170943040401e-14,0.0,True
B,common,110,native_differential,0.25,9cdcf094658d235d,True,2,1,0,2,4,material,5.329070518200751e-15,0.0,True
B,own,0,baseline,0.0,ec0cb7e509eaf211,True,2,2,0,0,0,nonmaterial,2.1316282072803006e-14,0.0,True
B,own,0,native_common,-1.0,ec0cb7e509eaf211,True,2,2,0,0,0,nonmaterial,4.973799150320701e-14,0.0,True
B,own,0,native_common,1.0,ec0cb7e509eaf211,True,2,2,0,0,0,nonmaterial,2.6645352591003757e-15,0.0,True
B,own,0,native_common,-0.5,ec0cb7e509eaf211,True,2,2,0,0,0,nonmaterial,2.842170943040401e-14,0.0,True
B,own,0,native_common,0.5,ec0cb7e509eaf211,True,2,2,0,0,0,nonmaterial,2.1316282072803006e-14,0.0,True
B,own,0,native_common,-0.25,ec0cb7e509eaf211,True,2,2,0,0,0,nonmaterial,2.842170943040401e-14,0.0,True
B,own,0,native_common,0.25,ec0cb7e509eaf211,True,2,2,0,0,0,nonmaterial,1.4210854715202004e-14,0.0,True
B,own,0,native_differential,-1.0,ec0cb7e509eaf211,True,2,2,0,0,0,nonmaterial,2.1316282072803006e-14,0.0,True
B,own,0,native_differential,1.0,ec0cb7e509eaf211,True,2,2,0,0,0,nonmaterial,3.219646771412954e-15,0.0,True
B,own,0,native_differential,-0.5,ec0cb7e509eaf211,True,2,2,0,0,0,nonmaterial,2.1316282072803006e-14,0.0,True
B,own,0,native_differential,0.5,ec0cb7e509eaf211,True,2,2,0,0,0,nonmaterial,1.1102230246251565e-15,0.0,True
B,own,0,native_differential,-0.25,ec0cb7e509eaf211,True,2,2,0,0,0,nonmaterial,3.552713678800501e-14,0.0,True
B,own,0,native_differential,0.25,ec0cb7e509eaf211,True,2,2,0,0,0,nonmaterial,1.4210854715202004e-14,0.0,True
B,own,93,baseline,0.0,18348bfcc331a06a,True,2,2,0,0,0,nonmaterial,7.105427357601002e-15,0.0,True
B,own,93,native_common,-1.0,18348bfcc331a06a,True,2,2,0,0,0,nonmaterial,4.263256414560601e-14,0.0,True
B,own,93,native_common,1.0,18348bfcc331a06a,True,2,2,0,0,0,nonmaterial,2.842170943040401e-14,0.0,True
B,own,93,native_common,-0.5,18348bfcc331a06a,True,2,2,0,0,0,nonmaterial,3.552713678800501e-14,0.0,True
B,own,93,native_common,0.5,18348bfcc331a06a,True,2,2,0,0,0,nonmaterial,2.842170943040401e-14,0.0,True
B,own,93,native_common,-0.25,18348bfcc331a06a,True,2,2,0,0,0,nonmaterial,2.842170943040401e-14,0.0,True
B,own,93,native_common,0.25,18348bfcc331a06a,True,2,2,0,0,0,nonmaterial,2.842170943040401e-14,0.0,True
B,own,93,native_differential,-1.0,18348bfcc331a06a,True,2,2,0,0,0,nonmaterial,3.552713678800501e-14,0.0,True
B,own,93,native_differential,1.0,18348bfcc331a06a,True,2,2,0,0,0,nonmaterial,2.8227420401094605e-14,0.0,True
B,own,93,native_differential,-0.5,18348bfcc331a06a,True,2,2,0,0,0,nonmaterial,2.842170943040401e-14,0.0,True
B,own,93,native_differential,0.5,18348bfcc331a06a,True,2,2,0,0,0,nonmaterial,2.842170943040401e-14,0.0,True
B,own,93,native_differential,-0.25,18348bfcc331a06a,True,2,2,0,0,0,nonmaterial,2.1316282072803006e-14,0.0,True
B,own,93,native_differential,0.25,18348bfcc331a06a,True,2,2,0,0,0,nonmaterial,3.552713678800501e-14,0.0,True
B,own,97,baseline,0.0,f18ec7de0248584a,True,2,2,0,0,0,nonmaterial,4.973799150320701e-14,0.0,True
B,own,97,native_common,-1.0,f18ec7de0248584a,True,2,2,0,0,0,nonmaterial,5.684341886080802e-14,0.0,True
B,own,97,native_common,1.0,f18ec7de0248584a,True,2,2,0,0,0,nonmaterial,2.1316282072803006e-14,0.0,True
B,own,97,native_common,-0.5,f18ec7de0248584a,True,2,2,0,0,0,nonmaterial,3.552713678800501e-14,0.0,True
B,own,97,native_common,0.5,f18ec7de0248584a,True,2,2,0,0,0,nonmaterial,4.263256414560601e-14,0.0,True
B,own,97,native_common,-0.25,f18ec7de0248584a,True,2,2,0,0,0,nonmaterial,4.263256414560601e-14,0.0,True
B,own,97,native_common,0.25,f18ec7de0248584a,True,2,2,0,0,0,nonmaterial,2.8477220581635265e-14,0.0,True
B,own,97,native_differential,-1.0,f18ec7de0248584a,True,2,2,0,0,0,nonmaterial,5.684341886080802e-14,0.0,True
B,own,97,native_differential,1.0,f18ec7de0248584a,True,2,2,0,0,0,nonmaterial,3.552713678800501e-14,0.0,True
B,own,97,native_differential,-0.5,f18ec7de0248584a,True,2,2,0,0,0,nonmaterial,3.552713678800501e-14,0.0,True
B,own,97,native_differential,0.5,f18ec7de0248584a,True,2,2,0,0,0,nonmaterial,5.684341886080802e-14,0.0,True
B,own,97,native_differential,-0.25,f18ec7de0248584a,True,2,2,0,0,0,nonmaterial,4.263256414560601e-14,0.0,True
B,own,97,native_differential,0.25,f18ec7de0248584a,True,2,2,0,0,0,nonmaterial,4.973799150320701e-14,0.0,True
B,own,98,baseline,0.0,fd0cdbbbec639128,True,2,2,0,0,2,nonmaterial,1.9484414082171497e-14,0.0,True
B,own,98,native_common,-1.0,fd0cdbbbec639128,True,2,2,0,0,2,nonmaterial,1.6153745008296028e-14,0.0,True
B,own,98,native_common,1.0,fd0cdbbbec639128,True,2,2,0,0,2,nonmaterial,2.225997164373439e-14,0.0,True
B,own,98,native_common,-0.5,fd0cdbbbec639128,True,2,2,0,0,2,nonmaterial,7.105427357601002e-15,0.0,True
B,own,98,native_common,0.5,fd0cdbbbec639128,True,2,2,0,0,2,nonmaterial,2.1316282072803006e-14,0.0,True
B,own,98,native_common,-0.25,fd0cdbbbec639128,True,2,2,0,0,2,nonmaterial,1.4210854715202004e-14,0.0,True
B,own,98,native_common,0.25,fd0cdbbbec639128,True,2,2,0,0,2,nonmaterial,8.715250743307479e-15,0.0,True
B,own,98,native_differential,-1.0,fd0cdbbbec639128,True,2,2,0,0,2,nonmaterial,7.105427357601002e-15,0.0,True
B,own,98,native_differential,1.0,fd0cdbbbec639128,True,2,2,0,0,2,nonmaterial,2.1316282072803006e-14,0.0,True
B,own,98,native_differential,-0.5,fd0cdbbbec639128,True,2,2,0,0,2,nonmaterial,1.6986412276764895e-14,0.0,True
B,own,98,native_differential,0.5,fd0cdbbbec639128,True,2,2,0,0,2,nonmaterial,7.105427357601002e-15,0.0,True
B,own,98,native_differential,-0.25,fd0cdbbbec639128,True,2,2,0,0,2,nonmaterial,2.0483614804334138e-14,0.0,True
B,own,98,native_differential,0.25,fd0cdbbbec639128,True,2,2,0,0,2,nonmaterial,3.885780586188048e-15,0.0,True
B,own,101,baseline,0.0,795c7de513eb84b5,True,2,2,0,0,2,nonmaterial,1.7053025658242404e-13,0.0,True
B,own,101,native_common,-1.0,795c7de513eb84b5,True,2,2,0,0,2,nonmaterial,1.7763568394002505e-13,0.0,True
B,own,101,native_common,1.0,795c7de513eb84b5,True,2,2,0,0,2,nonmaterial,1.7053025658242404e-13,0.0,True
B,own,101,native_common,-0.5,795c7de513eb84b5,True,2,2,0,0,2,nonmaterial,1.7763568394002505e-13,0.0,True
B,own,101,native_common,0.5,795c7de513eb84b5,True,2,2,0,0,2,nonmaterial,1.7053025658242404e-13,0.0,True
B,own,101,native_common,-0.25,795c7de513eb84b5,True,2,2,0,0,2,nonmaterial,1.7763568394002505e-13,0.0,True
B,own,101,native_common,0.25,795c7de513eb84b5,True,2,2,0,0,2,nonmaterial,1.7763568394002505e-13,0.0,True
B,own,101,native_differential,-1.0,795c7de513eb84b5,True,2,2,0,0,2,nonmaterial,1.7053025658242404e-13,0.0,True
B,own,101,native_differential,1.0,795c7de513eb84b5,True,2,2,0,0,2,nonmaterial,1.6342482922482304e-13,0.0,True
B,own,101,native_differential,-0.5,795c7de513eb84b5,True,2,2,0,0,2,nonmaterial,1.6342482922482304e-13,0.0,True
B,own,101,native_differential,0.5,795c7de513eb84b5,True,2,2,0,0,2,nonmaterial,1.6342482922482304e-13,0.0,True
B,own,101,native_differential,-0.25,795c7de513eb84b5,True,2,2,0,0,2,nonmaterial,1.7763568394002505e-13,0.0,True
B,own,101,native_differential,0.25,795c7de513eb84b5,True,2,2,0,0,2,nonmaterial,1.7053025658242404e-13,0.0,True
B,own,115,baseline,0.0,b7809c0d0954b254,True,2,1,0,2,3,material,1.1546319456101628e-14,0.0,True
B,own,115,native_common,-1.0,b7809c0d0954b254,True,2,1,0,2,3,material,7.105427357601002e-15,0.0,True
B,own,115,native_common,1.0,b7809c0d0954b254,True,2,1,0,2,3,material,2.398081733190338e-14,0.0,True
B,own,115,native_common,-0.5,b7809c0d0954b254,True,2,1,0,2,3,material,2.042810365310288e-14,0.0,True
B,own,115,native_common,0.5,b7809c0d0954b254,True,2,1,0,2,3,material,2.1316282072803006e-14,0.0,True
B,own,115,native_common,-0.25,b7809c0d0954b254,True,2,1,0,2,3,material,7.993605777301127e-15,0.0,True
B,own,115,native_common,0.25,b7809c0d0954b254,True,2,1,0,2,3,material,3.552713678800501e-14,0.0,True
B,own,115,native_differential,-1.0,b7809c0d0954b254,True,2,1,0,2,3,material,2.842170943040401e-14,0.0,True
B,own,115,native_differential,1.0,b7809c0d0954b254,True,2,1,0,2,3,material,2.1316282072803006e-14,0.0,True
B,own,115,native_differential,-0.5,b7809c0d0954b254,True,2,1,0,2,3,material,1.4210854715202004e-14,0.0,True
B,own,115,native_differential,0.5,b7809c0d0954b254,True,2,1,0,2,3,material,8.881784197001252e-15,0.0,True
B,own,115,native_differential,-0.25,b7809c0d0954b254,True,2,1,0,2,3,material,1.4210854715202004e-14,0.0,True
B,own,115,native_differential,0.25,b7809c0d0954b254,True,2,1,0,2,3,material,2.3092638912203256e-14,0.0,True
B,own,119,baseline,0.0,4290e2a776740ba7,True,2,2,0,2,3,material,5.684341886080802e-14,0.0,True
B,own,119,native_common,-1.0,4290e2a776740ba7,True,2,2,0,2,3,material,7.105427357601002e-14,0.0,True
B,own,119,native_common,1.0,4290e2a776740ba7,True,2,2,0,2,3,material,7.105427357601002e-14,0.0,True
B,own,119,native_common,-0.5,4290e2a776740ba7,True,2,2,0,2,3,material,8.526512829121202e-14,0.0,True
B,own,119,native_common,0.5,4290e2a776740ba7,True,2,2,0,2,3,material,1.4210854715202004e-14,0.0,True
B,own,119,native_common,-0.25,4290e2a776740ba7,True,2,2,0,2,3,material,4.263256414560601e-14,0.0,True
B,own,119,native_common,0.25,4290e2a776740ba7,True,2,2,0,2,3,material,8.881784197001252e-15,0.0,True
B,own,119,native_differential,-1.0,4290e2a776740ba7,True,2,2,0,2,3,material,2.842170943040401e-14,0.0,True
B,own,119,native_differential,1.0,4290e2a776740ba7,True,2,2,0,2,3,material,8.526512829121202e-14,0.0,True
B,own,119,native_differential,-0.5,4290e2a776740ba7,True,2,2,0,2,3,material,1.4210854715202004e-14,0.0,True
B,own,119,native_differential,0.5,4290e2a776740ba7,True,2,2,0,2,3,material,5.684341886080802e-14,0.0,True
B,own,119,native_differential,-0.25,4290e2a776740ba7,True,2,2,0,2,3,material,1.4210854715202004e-14,0.0,True
B,own,119,native_differential,0.25,4290e2a776740ba7,True,2,2,0,2,3,material,1.4210854715202004e-14,0.0,True
C,common,0,baseline,0.0,b12dae0580d52f15,True,2,2,0,0,0,nonmaterial,2.1316282072803006e-14,0.0,True
C,common,0,xi_common,-1.0,b12dae0580d52f15,True,2,2,0,0,0,nonmaterial,1.4210854715202004e-14,0.0,True
C,common,0,xi_common,1.0,b12dae0580d52f15,True,2,2,0,0,0,nonmaterial,1.4210854715202004e-14,0.0,True
C,common,0,xi_common,-0.5,b12dae0580d52f15,True,2,2,0,0,0,nonmaterial,2.1316282072803006e-14,0.0,True
C,common,0,xi_common,0.5,b12dae0580d52f15,True,2,2,0,0,0,nonmaterial,2.1316282072803006e-14,0.0,True
C,common,0,xi_common,-0.25,b12dae0580d52f15,True,2,2,0,0,0,nonmaterial,2.1316282072803006e-14,0.0,True
C,common,0,xi_common,0.25,b12dae0580d52f15,True,2,2,0,0,0,nonmaterial,1.3322676295501878e-15,0.0,True
C,common,0,xi_differential,-1.0,b12dae0580d52f15,True,2,2,0,0,0,nonmaterial,3.552713678800501e-14,0.0,True
C,common,0,xi_differential,1.0,b12dae0580d52f15,True,2,2,0,0,0,nonmaterial,2.1316282072803006e-14,0.0,True
C,common,0,xi_differential,-0.5,b12dae0580d52f15,True,2,2,0,0,0,nonmaterial,3.552713678800501e-14,0.0,True
C,common,0,xi_differential,0.5,b12dae0580d52f15,True,2,2,0,0,0,nonmaterial,2.842170943040401e-14,0.0,True
C,common,0,xi_differential,-0.25,b12dae0580d52f15,True,2,2,0,0,0,nonmaterial,7.105427357601002e-15,0.0,True
C,common,0,xi_differential,0.25,b12dae0580d52f15,True,2,2,0,0,0,nonmaterial,2.1316282072803006e-14,0.0,True
C,common,46,baseline,0.0,f7f7b15c1db45d18,True,2,2,0,0,0,nonmaterial,1.4210854715202004e-14,0.0,True
C,common,46,xi_common,-1.0,f7f7b15c1db45d18,True,2,2,0,0,0,nonmaterial,7.105427357601002e-15,0.0,True
C,common,46,xi_common,1.0,f7f7b15c1db45d18,True,2,2,0,0,0,nonmaterial,7.105427357601002e-15,0.0,True
C,common,46,xi_common,-0.5,f7f7b15c1db45d18,True,2,2,0,0,0,nonmaterial,4.2587461335230614e-15,0.0,True
C,common,46,xi_common,0.5,f7f7b15c1db45d18,True,2,2,0,0,0,nonmaterial,1.4210854715202004e-14,0.0,True
C,common,46,xi_common,-0.25,f7f7b15c1db45d18,True,2,2,0,0,0,nonmaterial,7.105427357601002e-15,0.0,True
C,common,46,xi_common,0.25,f7f7b15c1db45d18,True,2,2,0,0,0,nonmaterial,7.105427357601002e-15,0.0,True
C,common,46,xi_differential,-1.0,f7f7b15c1db45d18,True,2,2,0,0,0,nonmaterial,1.4210854715202004e-14,0.0,True
C,common,46,xi_differential,1.0,f7f7b15c1db45d18,True,2,2,0,0,0,nonmaterial,7.105427357601002e-15,0.0,True
C,common,46,xi_differential,-0.5,f7f7b15c1db45d18,True,2,2,0,0,0,nonmaterial,7.105427357601002e-15,0.0,True
C,common,46,xi_differential,0.5,f7f7b15c1db45d18,True,2,2,0,0,0,nonmaterial,7.105427357601002e-15,0.0,True
C,common,46,xi_differential,-0.25,f7f7b15c1db45d18,True,2,2,0,0,0,nonmaterial,7.105427357601002e-15,0.0,True
C,common,46,xi_differential,0.25,f7f7b15c1db45d18,True,2,2,0,0,0,nonmaterial,7.105427357601002e-15,0.0,True
C,common,74,baseline,0.0,f7f7b15c1db45d18,True,2,2,0,0,0,nonmaterial,7.105427357601002e-15,0.0,True
C,common,74,xi_common,-1.0,f7f7b15c1db45d18,True,2,2,0,0,0,nonmaterial,7.105427357601002e-15,0.0,True
C,common,74,xi_common,1.0,f7f7b15c1db45d18,True,2,2,0,0,0,nonmaterial,3.3584246494910985e-15,0.0,True
C,common,74,xi_common,-0.5,f7f7b15c1db45d18,True,2,2,0,0,0,nonmaterial,1.4210854715202004e-14,0.0,True
C,common,74,xi_common,0.5,f7f7b15c1db45d18,True,2,2,0,0,0,nonmaterial,1.4210854715202004e-14,0.0,True
C,common,74,xi_common,-0.25,f7f7b15c1db45d18,True,2,2,0,0,0,nonmaterial,1.4210854715202004e-14,0.0,True
C,common,74,xi_common,0.25,f7f7b15c1db45d18,True,2,2,0,0,0,nonmaterial,7.105427357601002e-15,0.0,True
C,common,74,xi_differential,-1.0,f7f7b15c1db45d18,True,2,2,0,0,0,nonmaterial,7.105427357601002e-15,0.0,True
C,common,74,xi_differential,1.0,f7f7b15c1db45d18,True,2,2,0,0,0,nonmaterial,7.105427357601002e-15,0.0,True
C,common,74,xi_differential,-0.5,f7f7b15c1db45d18,True,2,2,0,0,0,nonmaterial,7.105427357601002e-15,0.0,True
C,common,74,xi_differential,0.5,f7f7b15c1db45d18,True,2,2,0,0,0,nonmaterial,7.105427357601002e-15,0.0,True
C,common,74,xi_differential,-0.25,f7f7b15c1db45d18,True,2,2,0,0,0,nonmaterial,7.105427357601002e-15,0.0,True
C,common,74,xi_differential,0.25,f7f7b15c1db45d18,True,2,2,0,0,0,nonmaterial,3.0808688933348094e-15,0.0,True
C,common,101,baseline,0.0,0ea1f54e007763ca,True,2,2,0,1,4,material,3.552713678800501e-14,0.0,True
C,common,101,xi_common,-1.0,0ea1f54e007763ca,True,2,2,0,1,4,material,2.842170943040401e-14,0.0,True
C,common,101,xi_common,1.0,0ea1f54e007763ca,True,2,2,0,1,4,material,1.6209256159527285e-14,0.0,True
C,common,101,xi_common,-0.5,0ea1f54e007763ca,True,2,2,0,1,4,material,2.1316282072803006e-14,0.0,True
C,common,101,xi_common,0.5,0ea1f54e007763ca,True,2,2,0,1,4,material,2.842170943040401e-14,0.0,True
C,common,101,xi_common,-0.25,0ea1f54e007763ca,True,2,2,0,1,4,material,2.842170943040401e-14,0.0,True
C,common,101,xi_common,0.25,0ea1f54e007763ca,True,2,2,0,1,4,material,1.2434497875801753e-14,0.0,True
C,common,101,xi_differential,-1.0,0ea1f54e007763ca,True,2,2,0,1,4,material,2.1316282072803006e-14,0.0,True
C,common,101,xi_differential,1.0,0ea1f54e007763ca,True,2,2,0,1,4,material,4.263256414560601e-14,0.0,True
C,common,101,xi_differential,-0.5,0ea1f54e007763ca,True,2,2,0,1,4,material,1.3100631690576847e-14,0.0,True
C,common,101,xi_differential,0.5,0ea1f54e007763ca,True,2,2,0,1,4,material,2.842170943040401e-14,0.0,True
C,common,101,xi_differential,-0.25,0ea1f54e007763ca,True,2,2,0,1,4,material,3.552713678800501e-14,0.0,True
C,common,101,xi_differential,0.25,0ea1f54e007763ca,True,2,2,0,1,4,material,1.4210854715202004e-14,0.0,True
C,common,110,baseline,0.0,cc54fad9afa29cb2,True,2,1,0,2,5,material,1.4210854715202004e-14,0.0,True
C,common,110,xi_common,-1.0,cc54fad9afa29cb2,True,2,1,0,2,5,material,1.4210854715202004e-14,0.0,True
C,common,110,xi_common,1.0,cc54fad9afa29cb2,True,2,1,0,2,5,material,7.105427357601002e-15,0.0,True
C,common,110,xi_common,-0.5,cc54fad9afa29cb2,True,2,1,0,2,5,material,7.105427357601002e-15,0.0,True
C,common,110,xi_common,0.5,cc54fad9afa29cb2,True,2,1,0,2,5,material,1.4210854715202004e-14,0.0,True
C,common,110,xi_common,-0.25,cc54fad9afa29cb2,True,2,1,0,2,5,material,7.105427357601002e-15,0.0,True
C,common,110,xi_common,0.25,cc54fad9afa29cb2,True,2,1,0,2,5,material,7.105427357601002e-15,0.0,True
C,common,110,xi_differential,-1.0,cc54fad9afa29cb2,True,2,1,0,2,5,material,3.552713678800501e-15,0.0,True
C,common,110,xi_differential,1.0,cc54fad9afa29cb2,True,2,1,0,2,5,material,1.4210854715202004e-14,0.0,True
C,common,110,xi_differential,-0.5,cc54fad9afa29cb2,True,2,1,0,2,5,material,1.7763568394002505e-15,0.0,True
C,common,110,xi_differential,0.5,cc54fad9afa29cb2,True,2,1,0,2,5,material,7.105427357601002e-15,0.0,True
C,common,110,xi_differential,-0.25,cc54fad9afa29cb2,True,2,1,0,2,5,material,2.1316282072803006e-14,0.0,True
C,common,110,xi_differential,0.25,cc54fad9afa29cb2,True,2,1,0,2,5,material,7.105427357601002e-15,0.0,True
C,own,0,baseline,0.0,b12dae0580d52f15,True,2,2,0,0,0,nonmaterial,3.552713678800501e-14,0.0,True
C,own,0,xi_common,-1.0,b12dae0580d52f15,True,2,2,0,0,0,nonmaterial,3.552713678800501e-14,0.0,True
C,own,0,xi_common,1.0,b12dae0580d52f15,True,2,2,0,0,0,nonmaterial,1.4210854715202004e-14,0.0,True
C,own,0,xi_common,-0.5,b12dae0580d52f15,True,2,2,0,0,0,nonmaterial,2.842170943040401e-14,0.0,True
C,own,0,xi_common,0.5,b12dae0580d52f15,True,2,2,0,0,0,nonmaterial,2.1316282072803006e-14,0.0,True
C,own,0,xi_common,-0.25,b12dae0580d52f15,True,2,2,0,0,0,nonmaterial,4.263256414560601e-14,0.0,True
C,own,0,xi_common,0.25,b12dae0580d52f15,True,2,2,0,0,0,nonmaterial,2.842170943040401e-14,0.0,True
C,own,0,xi_differential,-1.0,b12dae0580d52f15,True,2,2,0,0,0,nonmaterial,2.1316282072803006e-14,0.0,True
C,own,0,xi_differential,1.0,b12dae0580d52f15,True,2,2,0,0,0,nonmaterial,2.842170943040401e-14,0.0,True
C,own,0,xi_differential,-0.5,b12dae0580d52f15,True,2,2,0,0,0,nonmaterial,4.973799150320701e-14,0.0,True
C,own,0,xi_differential,0.5,b12dae0580d52f15,True,2,2,0,0,0,nonmaterial,7.105427357601002e-15,0.0,True
C,own,0,xi_differential,-0.25,b12dae0580d52f15,True,2,2,0,0,0,nonmaterial,2.842170943040401e-14,0.0,True
C,own,0,xi_differential,0.25,b12dae0580d52f15,True,2,2,0,0,0,nonmaterial,1.4210854715202004e-14,0.0,True
C,own,84,baseline,0.0,57091c388d197251,True,2,2,0,0,0,nonmaterial,2.1316282072803006e-14,0.0,True
C,own,84,xi_common,-1.0,57091c388d197251,True,2,2,0,0,0,nonmaterial,1.4210854715202004e-14,0.0,True
C,own,84,xi_common,1.0,57091c388d197251,True,2,2,0,0,0,nonmaterial,7.105427357601002e-15,0.0,True
C,own,84,xi_common,-0.5,57091c388d197251,True,2,2,0,0,0,nonmaterial,1.2101430968414206e-14,0.0,True
C,own,84,xi_common,0.5,57091c388d197251,True,2,2,0,0,0,nonmaterial,1.4210854715202004e-14,0.0,True
C,own,84,xi_common,-0.25,57091c388d197251,True,2,2,0,0,0,nonmaterial,2.042810365310288e-14,0.0,True
C,own,84,xi_common,0.25,57091c388d197251,True,2,2,0,0,0,nonmaterial,1.3988810110276972e-14,0.0,True
C,own,84,xi_differential,-1.0,57091c388d197251,True,2,2,0,0,0,nonmaterial,2.220446049250313e-15,0.0,True
C,own,84,xi_differential,1.0,57091c388d197251,True,2,2,0,0,0,nonmaterial,9.43689570931383e-15,0.0,True
C,own,84,xi_differential,-0.5,57091c388d197251,True,2,2,0,0,0,nonmaterial,8.548717289613705e-15,0.0,True
C,own,84,xi_differential,0.5,57091c388d197251,True,2,2,0,0,0,nonmaterial,7.105427357601002e-15,0.0,True
C,own,84,xi_differential,-0.25,57091c388d197251,True,2,2,0,0,0,nonmaterial,5.995204332975845e-15,0.0,True
C,own,84,xi_differential,0.25,57091c388d197251,True,2,2,0,0,0,nonmaterial,1.4210854715202004e-14,0.0,True
C,own,94,baseline,0.0,57091c388d197251,True,2,2,0,0,0,nonmaterial,4.263256414560601e-14,0.0,True
C,own,94,xi_common,-1.0,57091c388d197251,True,2,2,0,0,0,nonmaterial,4.263256414560601e-14,0.0,True
C,own,94,xi_common,1.0,57091c388d197251,True,2,2,0,0,0,nonmaterial,5.684341886080802e-14,0.0,True
C,own,94,xi_common,-0.5,57091c388d197251,True,2,2,0,0,0,nonmaterial,3.552713678800501e-14,0.0,True
C,own,94,xi_common,0.5,57091c388d197251,True,2,2,0,0,0,nonmaterial,4.263256414560601e-14,0.0,True
C,own,94,xi_common,-0.25,57091c388d197251,True,2,2,0,0,0,nonmaterial,4.263256414560601e-14,0.0,True
C,own,94,xi_common,0.25,57091c388d197251,True,2,2,0,0,0,nonmaterial,6.394884621840902e-14,0.0,True
C,own,94,xi_differential,-1.0,57091c388d197251,True,2,2,0,0,0,nonmaterial,7.105427357601002e-14,0.0,True
C,own,94,xi_differential,1.0,57091c388d197251,True,2,2,0,0,0,nonmaterial,5.684341886080802e-14,0.0,True
C,own,94,xi_differential,-0.5,57091c388d197251,True,2,2,0,0,0,nonmaterial,4.973799150320701e-14,0.0,True
C,own,94,xi_differential,0.5,57091c388d197251,True,2,2,0,0,0,nonmaterial,4.973799150320701e-14,0.0,True
C,own,94,xi_differential,-0.25,57091c388d197251,True,2,2,0,0,0,nonmaterial,4.973799150320701e-14,0.0,True
C,own,94,xi_differential,0.25,57091c388d197251,True,2,2,0,0,0,nonmaterial,5.684341886080802e-14,0.0,True
C,own,98,baseline,0.0,3dd5c9ce2b92bc60,True,2,2,0,0,0,nonmaterial,4.263256414560601e-14,0.0,True
C,own,98,xi_common,-1.0,3dd5c9ce2b92bc60,True,2,2,0,0,0,nonmaterial,7.815970093361102e-14,0.0,True
C,own,98,xi_common,1.0,3dd5c9ce2b92bc60,True,2,2,0,0,0,nonmaterial,4.973799150320701e-14,0.0,True
C,own,98,xi_common,-0.5,3dd5c9ce2b92bc60,True,2,2,0,0,0,nonmaterial,7.105427357601002e-14,0.0,True
C,own,98,xi_common,0.5,3dd5c9ce2b92bc60,True,2,2,0,0,0,nonmaterial,4.973799150320701e-14,0.0,True
C,own,98,xi_common,-0.25,3dd5c9ce2b92bc60,True,2,2,0,0,0,nonmaterial,5.684341886080802e-14,0.0,True
C,own,98,xi_common,0.25,3dd5c9ce2b92bc60,True,2,2,0,0,0,nonmaterial,7.105427357601002e-14,0.0,True
C,own,98,xi_differential,-1.0,3dd5c9ce2b92bc60,True,2,2,0,0,0,nonmaterial,8.526512829121202e-14,0.0,True
C,own,98,xi_differential,1.0,3dd5c9ce2b92bc60,True,2,2,0,0,0,nonmaterial,4.263256414560601e-14,0.0,True
C,own,98,xi_differential,-0.5,3dd5c9ce2b92bc60,True,2,2,0,0,0,nonmaterial,6.394884621840902e-14,0.0,True
C,own,98,xi_differential,0.5,3dd5c9ce2b92bc60,True,2,2,0,0,0,nonmaterial,5.684341886080802e-14,0.0,True
C,own,98,xi_differential,-0.25,3dd5c9ce2b92bc60,True,2,2,0,0,0,nonmaterial,2.842170943040401e-14,0.0,True
C,own,98,xi_differential,0.25,3dd5c9ce2b92bc60,True,2,2,0,0,0,nonmaterial,6.394884621840902e-14,0.0,True
C,own,102,baseline,0.0,57091c388d197251,True,2,2,0,0,0,nonmaterial,3.552713678800501e-14,0.0,True
C,own,102,xi_common,-1.0,57091c388d197251,True,2,2,0,0,0,nonmaterial,1.9984014443252818e-14,0.0,True
C,own,102,xi_common,1.0,57091c388d197251,True,2,2,0,0,0,nonmaterial,2.886579864025407e-14,0.0,True
C,own,102,xi_common,-0.5,57091c388d197251,True,2,2,0,0,0,nonmaterial,9.769962616701378e-15,0.0,True
C,own,102,xi_common,0.5,57091c388d197251,True,2,2,0,0,0,nonmaterial,2.1316282072803006e-14,0.0,True
C,own,102,xi_common,-0.25,57091c388d197251,True,2,2,0,0,0,nonmaterial,1.4210854715202004e-14,0.0,True
C,own,102,xi_common,0.25,57091c388d197251,True,2,2,0,0,0,nonmaterial,3.552713678800501e-14,0.0,True
C,own,102,xi_differential,-1.0,57091c388d197251,True,2,2,0,0,0,nonmaterial,1.4210854715202004e-14,0.0,True
C,own,102,xi_differential,1.0,57091c388d197251,True,2,2,0,0,0,nonmaterial,3.552713678800501e-14,0.0,True
C,own,102,xi_differential,-0.5,57091c388d197251,True,2,2,0,0,0,nonmaterial,4.884981308350689e-14,0.0,True
C,own,102,xi_differential,0.5,57091c388d197251,True,2,2,0,0,0,nonmaterial,2.398081733190338e-14,0.0,True
C,own,102,xi_differential,-0.25,57091c388d197251,True,2,2,0,0,0,nonmaterial,2.842170943040401e-14,0.0,True
C,own,102,xi_differential,0.25,57091c388d197251,True,2,2,0,0,0,nonmaterial,3.1530333899354446e-14,0.0,True
C,own,103,baseline,0.0,e6ecd8809b039da5,True,1,1,0,0,0,nonmaterial,1.6431300764452317e-14,0.0,True
C,own,103,xi_common,-1.0,e6ecd8809b039da5,True,1,1,0,0,0,nonmaterial,1.4210854715202004e-14,0.0,True
C,own,103,xi_common,1.0,e6ecd8809b039da5,True,1,1,0,0,0,nonmaterial,2.842170943040401e-14,0.0,True
C,own,103,xi_common,-0.5,e6ecd8809b039da5,True,1,1,0,0,0,nonmaterial,1.7319479184152442e-14,0.0,True
C,own,103,xi_common,0.5,e6ecd8809b039da5,True,1,1,0,0,0,nonmaterial,1.4210854715202004e-14,0.0,True
C,own,103,xi_common,-0.25,e6ecd8809b039da5,True,1,1,0,0,0,nonmaterial,1.2434497875801753e-14,0.0,True
C,own,103,xi_common,0.25,e6ecd8809b039da5,True,1,1,0,0,0,nonmaterial,2.842170943040401e-14,0.0,True
C,own,103,xi_differential,-1.0,e6ecd8809b039da5,True,1,1,0,0,0,nonmaterial,2.842170943040401e-14,0.0,True
C,own,103,xi_differential,1.0,e6ecd8809b039da5,True,1,1,0,0,0,nonmaterial,2.6645352591003757e-15,0.0,True
C,own,103,xi_differential,-0.5,e6ecd8809b039da5,True,1,1,0,0,0,nonmaterial,3.552713678800501e-14,0.0,True
C,own,103,xi_differential,0.5,e6ecd8809b039da5,True,1,1,0,0,0,nonmaterial,2.1316282072803006e-14,0.0,True
C,own,103,xi_differential,-0.25,e6ecd8809b039da5,True,1,1,0,0,0,nonmaterial,2.1316282072803006e-14,0.0,True
C,own,103,xi_differential,0.25,e6ecd8809b039da5,True,1,1,0,0,0,nonmaterial,9.325873406851315e-15,0.0,True
C,own,106,baseline,0.0,198655a256524036,True,1,1,0,1,1,nonmaterial,5.773159728050814e-15,0.0,True
C,own,106,xi_common,-1.0,198655a256524036,True,1,1,0,1,1,nonmaterial,1.0658141036401503e-14,0.0,True
C,own,106,xi_common,1.0,198655a256524036,True,1,1,0,1,1,nonmaterial,7.105427357601002e-15,0.0,True
C,own,106,xi_common,-0.5,198655a256524036,True,1,1,0,1,1,nonmaterial,1.4210854715202004e-14,0.0,True
C,own,106,xi_common,0.5,198655a256524036,True,1,1,0,1,1,nonmaterial,2.842170943040401e-14,0.0,True
C,own,106,xi_common,-0.25,198655a256524036,True,1,1,0,1,1,nonmaterial,2.1316282072803006e-14,0.0,True
C,own,106,xi_common,0.25,198655a256524036,True,1,1,0,1,1,nonmaterial,1.4210854715202004e-14,0.0,True
C,own,106,xi_differential,-1.0,198655a256524036,True,1,1,0,1,1,nonmaterial,2.942091015256665e-15,0.0,True
C,own,106,xi_differential,1.0,198655a256524036,True,1,1,0,1,1,nonmaterial,7.105427357601002e-15,0.0,True
C,own,106,xi_differential,-0.5,198655a256524036,True,1,1,0,1,1,nonmaterial,1.5987211554602254e-14,0.0,True
C,own,106,xi_differential,0.5,198655a256524036,True,1,1,0,1,1,nonmaterial,7.105427357601002e-15,0.0,True
C,own,106,xi_differential,-0.25,198655a256524036,True,1,1,0,1,1,nonmaterial,2.1316282072803006e-14,0.0,True
C,own,106,xi_differential,0.25,198655a256524036,True,1,1,0,1,1,nonmaterial,1.4210854715202004e-14,0.0,True
D,common,0,baseline,0.0,a3d5af0639555770,True,2,2,0,0,0,nonmaterial,7.105427357601002e-15,0.0,True
D,common,0,xi_common,-1.0,a3d5af0639555770,True,2,2,0,0,0,nonmaterial,1.4210854715202004e-14,0.0,True
D,common,0,xi_common,1.0,a3d5af0639555770,True,2,2,0,0,0,nonmaterial,2.1316282072803006e-14,0.0,True
D,common,0,xi_common,-0.5,a3d5af0639555770,True,2,2,0,0,0,nonmaterial,3.219646771412954e-15,0.0,True
D,common,0,xi_common,0.5,a3d5af0639555770,True,2,2,0,0,0,nonmaterial,7.105427357601002e-15,0.0,True
D,common,0,xi_common,-0.25,a3d5af0639555770,True,2,2,0,0,0,nonmaterial,7.105427357601002e-15,0.0,True
D,common,0,xi_common,0.25,a3d5af0639555770,True,2,2,0,0,0,nonmaterial,2.1316282072803006e-14,0.0,True
D,common,0,xi_differential,-1.0,a3d5af0639555770,True,2,2,0,0,0,nonmaterial,7.105427357601002e-15,0.0,True
D,common,0,xi_differential,1.0,a3d5af0639555770,True,2,2,0,0,0,nonmaterial,7.105427357601002e-15,0.0,True
D,common,0,xi_differential,-0.5,a3d5af0639555770,True,2,2,0,0,0,nonmaterial,2.1316282072803006e-14,0.0,True
D,common,0,xi_differential,0.5,a3d5af0639555770,True,2,2,0,0,0,nonmaterial,7.105427357601002e-15,0.0,True
D,common,0,xi_differential,-0.25,a3d5af0639555770,True,2,2,0,0,0,nonmaterial,7.105427357601002e-15,0.0,True
D,common,0,xi_differential,0.25,a3d5af0639555770,True,2,2,0,0,0,nonmaterial,2.842170943040401e-14,0.0,True
D,common,0,native_common,-1.0,a3d5af0639555770,True,2,2,0,0,0,nonmaterial,2.842170943040401e-14,0.0,True
D,common,0,native_common,1.0,a3d5af0639555770,True,2,2,0,0,0,nonmaterial,3.552713678800501e-14,0.0,True
D,common,0,native_common,-0.5,a3d5af0639555770,True,2,2,0,0,0,nonmaterial,2.3314683517128287e-15,0.0,True
D,common,0,native_common,0.5,a3d5af0639555770,True,2,2,0,0,0,nonmaterial,3.552713678800501e-14,0.0,True
D,common,0,native_common,-0.25,a3d5af0639555770,True,2,2,0,0,0,nonmaterial,2.842170943040401e-14,0.0,True
D,common,0,native_common,0.25,a3d5af0639555770,True,2,2,0,0,0,nonmaterial,7.105427357601002e-15,0.0,True
D,common,0,native_differential,-1.0,a3d5af0639555770,True,2,2,0,0,0,nonmaterial,5.662137425588298e-15,0.0,True
D,common,0,native_differential,1.0,a3d5af0639555770,True,2,2,0,0,0,nonmaterial,2.1316282072803006e-14,0.0,True
D,common,0,native_differential,-0.5,a3d5af0639555770,True,2,2,0,0,0,nonmaterial,2.1316282072803006e-14,0.0,True
D,common,0,native_differential,0.5,a3d5af0639555770,True,2,2,0,0,0,nonmaterial,4.263256414560601e-14,0.0,True
D,common,0,native_differential,-0.25,a3d5af0639555770,True,2,2,0,0,0,nonmaterial,7.105427357601002e-15,0.0,True
D,common,0,native_differential,0.25,a3d5af0639555770,True,2,2,0,0,0,nonmaterial,2.1316282072803006e-14,0.0,True
D,common,46,baseline,0.0,73adeb23c904eead,True,2,2,0,0,0,nonmaterial,1.0031905861573875e-14,0.0,True
D,common,46,xi_common,-1.0,73adeb23c904eead,True,2,2,0,0,0,nonmaterial,7.105427357601002e-15,0.0,True
D,common,46,xi_common,1.0,73adeb23c904eead,True,2,2,0,0,0,nonmaterial,7.811459812323562e-15,0.0,True
D,common,46,xi_common,-0.5,73adeb23c904eead,True,2,2,0,0,0,nonmaterial,7.3673706024735e-15,0.0,True
D,common,46,xi_common,0.5,73adeb23c904eead,True,2,2,0,0,0,nonmaterial,7.105427357601002e-15,0.0,True
D,common,46,xi_common,-0.25,73adeb23c904eead,True,2,2,0,0,0,nonmaterial,7.105427357601002e-15,0.0,True
D,common,46,xi_common,0.25,73adeb23c904eead,True,2,2,0,0,0,nonmaterial,9.365772046798782e-15,0.0,True
D,common,46,xi_differential,-1.0,73adeb23c904eead,True,2,2,0,0,0,nonmaterial,7.105427357601002e-15,0.0,True
D,common,46,xi_differential,1.0,73adeb23c904eead,True,2,2,0,0,0,nonmaterial,1.4210854715202004e-14,0.0,True
D,common,46,xi_differential,-0.5,73adeb23c904eead,True,2,2,0,0,0,nonmaterial,3.594347042223944e-15,0.0,True
D,common,46,xi_differential,0.5,73adeb23c904eead,True,2,2,0,0,0,nonmaterial,6.234596172660645e-15,0.0,True
D,common,46,xi_differential,-0.25,73adeb23c904eead,True,2,2,0,0,0,nonmaterial,6.539907504432563e-15,0.0,True
D,common,46,xi_differential,0.25,73adeb23c904eead,True,2,2,0,0,0,nonmaterial,7.105427357601002e-15,0.0,True
D,common,46,native_common,-1.0,73adeb23c904eead,True,2,2,0,0,0,nonmaterial,4.480790738448093e-15,0.0,True
D,common,46,native_common,1.0,73adeb23c904eead,True,2,2,0,0,0,nonmaterial,7.105427357601002e-15,0.0,True
D,common,46,native_common,-0.5,73adeb23c904eead,True,2,2,0,0,0,nonmaterial,2.6922908347160046e-15,0.0,True
D,common,46,native_common,0.5,73adeb23c904eead,True,2,2,0,0,0,nonmaterial,6.257147577848343e-15,0.0,True
D,common,46,native_common,-0.25,73adeb23c904eead,True,2,2,0,0,0,nonmaterial,7.105427357601002e-15,0.0,True
D,common,46,native_common,0.25,73adeb23c904eead,True,2,2,0,0,0,nonmaterial,7.105427357601002e-15,0.0,True
D,common,46,native_differential,-1.0,73adeb23c904eead,True,2,2,0,0,0,nonmaterial,7.105427357601002e-15,0.0,True
D,common,46,native_differential,1.0,73adeb23c904eead,True,2,2,0,0,0,nonmaterial,1.4210854715202004e-14,0.0,True
D,common,46,native_differential,-0.5,73adeb23c904eead,True,2,2,0,0,0,nonmaterial,1.4210854715202004e-14,0.0,True
D,common,46,native_differential,0.5,73adeb23c904eead,True,2,2,0,0,0,nonmaterial,3.814656923672999e-15,0.0,True
D,common,46,native_differential,-0.25,73adeb23c904eead,True,2,2,0,0,0,nonmaterial,4.702835343373124e-15,0.0,True
D,common,46,native_differential,0.25,73adeb23c904eead,True,2,2,0,0,0,nonmaterial,8.699638232023688e-15,0.0,True
D,common,74,baseline,0.0,73adeb23c904eead,True,2,2,0,0,0,nonmaterial,7.105427357601002e-15,0.0,True
D,common,74,xi_common,-1.0,73adeb23c904eead,True,2,2,0,0,0,nonmaterial,1.4210854715202004e-14,0.0,True
D,common,74,xi_common,1.0,73adeb23c904eead,True,2,2,0,0,0,nonmaterial,3.552713678800501e-15,0.0,True
D,common,74,xi_common,-0.5,73adeb23c904eead,True,2,2,0,0,0,nonmaterial,2.1316282072803006e-14,0.0,True
D,common,74,xi_common,0.5,73adeb23c904eead,True,2,2,0,0,0,nonmaterial,4.0245584642661925e-15,0.0,True
D,common,74,xi_common,-0.25,73adeb23c904eead,True,2,2,0,0,0,nonmaterial,7.105427357601002e-15,0.0,True
D,common,74,xi_common,0.25,73adeb23c904eead,True,2,2,0,0,0,nonmaterial,2.831068712794149e-15,0.0,True
D,common,74,xi_differential,-1.0,73adeb23c904eead,True,2,2,0,0,0,nonmaterial,7.105427357601002e-15,0.0,True
D,common,74,xi_differential,1.0,73adeb23c904eead,True,2,2,0,0,0,nonmaterial,7.105427357601002e-15,0.0,True
D,common,74,xi_differential,-0.5,73adeb23c904eead,True,2,2,0,0,0,nonmaterial,7.105427357601002e-15,0.0,True
D,common,74,xi_differential,0.5,73adeb23c904eead,True,2,2,0,0,0,nonmaterial,7.105427357601002e-15,0.0,True
D,common,74,xi_differential,-0.25,73adeb23c904eead,True,2,2,0,0,0,nonmaterial,7.105427357601002e-15,0.0,True
D,common,74,xi_differential,0.25,73adeb23c904eead,True,2,2,0,0,0,nonmaterial,2.9733160378242474e-15,0.0,True
D,common,74,native_common,-1.0,73adeb23c904eead,True,2,2,0,0,0,nonmaterial,2.0539125955565396e-15,0.0,True
D,common,74,native_common,1.0,73adeb23c904eead,True,2,2,0,0,0,nonmaterial,7.105427357601002e-15,0.0,True
D,common,74,native_common,-0.5,73adeb23c904eead,True,2,2,0,0,0,nonmaterial,7.105427357601002e-15,0.0,True
D,common,74,native_common,0.5,73adeb23c904eead,True,2,2,0,0,0,nonmaterial,1.970645868709653e-15,0.0,True
D,common,74,native_common,-0.25,73adeb23c904eead,True,2,2,0,0,0,nonmaterial,7.105427357601002e-15,0.0,True
D,common,74,native_common,0.25,73adeb23c904eead,True,2,2,0,0,0,nonmaterial,7.105427357601002e-15,0.0,True
D,common,74,native_differential,-1.0,73adeb23c904eead,True,2,2,0,0,0,nonmaterial,7.105427357601002e-15,0.0,True
D,common,74,native_differential,1.0,73adeb23c904eead,True,2,2,0,0,0,nonmaterial,1.4210854715202004e-14,0.0,True
D,common,74,native_differential,-0.5,73adeb23c904eead,True,2,2,0,0,0,nonmaterial,4.805184028455756e-15,0.0,True
D,common,74,native_differential,0.5,73adeb23c904eead,True,2,2,0,0,0,nonmaterial,7.105427357601002e-15,0.0,True
D,common,74,native_differential,-0.25,73adeb23c904eead,True,2,2,0,0,0,nonmaterial,7.105427357601002e-15,0.0,True
D,common,74,native_differential,0.25,73adeb23c904eead,True,2,2,0,0,0,nonmaterial,1.4210854715202004e-14,0.0,True
D,common,101,baseline,0.0,f208541b553e8851,True,2,2,0,1,4,material,4.263256414560601e-14,0.0,True
D,common,101,xi_common,-1.0,f208541b553e8851,True,2,2,0,1,4,material,1.2878587085651816e-14,0.0,True
D,common,101,xi_common,1.0,f208541b553e8851,True,2,2,0,1,4,material,1.5765166949677223e-14,0.0,True
D,common,101,xi_common,-0.5,f208541b553e8851,True,2,2,0,1,4,material,2.842170943040401e-14,0.0,True
D,common,101,xi_common,0.5,f208541b553e8851,True,2,2,0,1,4,material,1.4876988529977098e-14,0.0,True
D,common,101,xi_common,-0.25,f208541b553e8851,True,2,2,0,1,4,material,2.842170943040401e-14,0.0,True
D,common,101,xi_common,0.25,f208541b553e8851,True,2,2,0,1,4,material,3.552713678800501e-14,0.0,True
D,common,101,xi_differential,-1.0,f208541b553e8851,True,2,2,0,1,4,material,2.042810365310288e-14,0.0,True
D,common,101,xi_differential,1.0,f208541b553e8851,True,2,2,0,1,4,material,1.532107773982716e-14,0.0,True
D,common,101,xi_differential,-0.5,f208541b553e8851,True,2,2,0,1,4,material,2.1316282072803006e-14,0.0,True
D,common,101,xi_differential,0.5,f208541b553e8851,True,2,2,0,1,4,material,2.842170943040401e-14,0.0,True
D,common,101,xi_differential,-0.25,f208541b553e8851,True,2,2,0,1,4,material,1.4210854715202004e-14,0.0,True
D,common,101,xi_differential,0.25,f208541b553e8851,True,2,2,0,1,4,material,4.973799150320701e-14,0.0,True
D,common,101,native_common,-1.0,f208541b553e8851,True,2,2,0,1,4,material,2.1316282072803006e-14,0.0,True
D,common,101,native_common,1.0,f208541b553e8851,True,2,2,0,1,4,material,2.1316282072803006e-14,0.0,True
D,common,101,native_common,-0.5,f208541b553e8851,True,2,2,0,1,4,material,1.6431300764452317e-14,0.0,True
D,common,101,native_common,0.5,f208541b553e8851,True,2,2,0,1,4,material,2.1316282072803006e-14,0.0,True
D,common,101,native_common,-0.25,f208541b553e8851,True,2,2,0,1,4,material,2.1316282072803006e-14,0.0,True
D,common,101,native_common,0.25,f208541b553e8851,True,2,2,0,1,4,material,1.7985612998927536e-14,0.0,True
D,common,101,native_differential,-1.0,f208541b553e8851,True,2,2,0,1,4,material,2.842170943040401e-14,0.0,True
D,common,101,native_differential,1.0,f208541b553e8851,True,2,2,0,1,4,material,4.263256414560601e-14,0.0,True
D,common,101,native_differential,-0.5,f208541b553e8851,True,2,2,0,1,4,material,1.2656542480726785e-14,0.0,True
D,common,101,native_differential,0.5,f208541b553e8851,True,2,2,0,1,4,material,1.7985612998927536e-14,0.0,True
D,common,101,native_differential,-0.25,f208541b553e8851,True,2,2,0,1,4,material,2.1316282072803006e-14,0.0,True
D,common,101,native_differential,0.25,f208541b553e8851,True,2,2,0,1,4,material,1.4654943925052066e-14,0.0,True
D,common,110,baseline,0.0,fe8723ea417378f0,True,2,1,0,1,5,material,1.4210854715202004e-14,0.0,True
D,common,110,xi_common,-1.0,fe8723ea417378f0,True,2,1,0,1,5,material,3.552713678800501e-15,0.0,True
D,common,110,xi_common,1.0,fe8723ea417378f0,True,2,1,0,1,5,material,1.4210854715202004e-14,0.0,True
D,common,110,xi_common,-0.5,fe8723ea417378f0,True,2,1,0,1,5,material,2.1316282072803006e-14,0.0,True
D,common,110,xi_common,0.5,fe8723ea417378f0,True,2,1,0,1,5,material,1.4210854715202004e-14,0.0,True
D,common,110,xi_common,-0.25,fe8723ea417378f0,True,2,1,0,1,5,material,1.3322676295501878e-15,0.0,True
D,common,110,xi_common,0.25,fe8723ea417378f0,True,2,1,0,1,5,material,1.4210854715202004e-14,0.0,True
D,common,110,xi_differential,-1.0,fe8723ea417378f0,True,2,1,0,1,5,material,1.4210854715202004e-14,0.0,True
D,common,110,xi_differential,1.0,fe8723ea417378f0,True,2,1,0,1,5,material,1.4210854715202004e-14,0.0,True
D,common,110,xi_differential,-0.5,fe8723ea417378f0,True,2,1,0,1,5,material,7.105427357601002e-15,0.0,True
D,common,110,xi_differential,0.5,fe8723ea417378f0,True,2,1,0,1,5,material,2.4424906541753444e-15,0.0,True
D,common,110,xi_differential,-0.25,fe8723ea417378f0,True,2,1,0,1,5,material,1.4210854715202004e-14,0.0,True
D,common,110,xi_differential,0.25,fe8723ea417378f0,True,2,1,0,1,5,material,2.1316282072803006e-14,0.0,True
D,common,110,native_common,-1.0,fe8723ea417378f0,True,2,1,0,1,5,material,1.7763568394002505e-15,0.0,True
D,common,110,native_common,1.0,fe8723ea417378f0,True,2,1,0,1,5,material,1.7763568394002505e-15,0.0,True
D,common,110,native_common,-0.5,fe8723ea417378f0,True,2,1,0,1,5,material,1.4210854715202004e-14,0.0,True
D,common,110,native_common,0.5,fe8723ea417378f0,True,2,1,0,1,5,material,2.842170943040401e-14,0.0,True
D,common,110,native_common,-0.25,fe8723ea417378f0,True,2,1,0,1,5,material,1.4210854715202004e-14,0.0,True
D,common,110,native_common,0.25,fe8723ea417378f0,True,2,1,0,1,5,material,7.105427357601002e-15,0.0,True
D,common,110,native_differential,-1.0,fe8723ea417378f0,True,2,1,0,1,5,material,1.4210854715202004e-14,0.0,True
D,common,110,native_differential,1.0,fe8723ea417378f0,True,2,1,0,1,5,material,1.4210854715202004e-14,0.0,True
D,common,110,native_differential,-0.5,fe8723ea417378f0,True,2,1,0,1,5,material,1.4210854715202004e-14,0.0,True
D,common,110,native_differential,0.5,fe8723ea417378f0,True,2,1,0,1,5,material,1.4210854715202004e-14,0.0,True
D,common,110,native_differential,-0.25,fe8723ea417378f0,True,2,1,0,1,5,material,2.842170943040401e-14,0.0,True
D,common,110,native_differential,0.25,fe8723ea417378f0,True,2,1,0,1,5,material,1.4210854715202004e-14,0.0,True
D,own,0,baseline,0.0,a3d5af0639555770,True,2,2,0,0,0,nonmaterial,7.105427357601002e-15,0.0,True
D,own,0,xi_common,-1.0,a3d5af0639555770,True,2,2,0,0,0,nonmaterial,2.842170943040401e-14,0.0,True
D,own,0,xi_common,1.0,a3d5af0639555770,True,2,2,0,0,0,nonmaterial,1.4210854715202004e-14,0.0,True
D,own,0,xi_common,-0.5,a3d5af0639555770,True,2,2,0,0,0,nonmaterial,7.105427357601002e-15,0.0,True
D,own,0,xi_common,0.5,a3d5af0639555770,True,2,2,0,0,0,nonmaterial,2.842170943040401e-14,0.0,True
D,own,0,xi_common,-0.25,a3d5af0639555770,True,2,2,0,0,0,nonmaterial,2.1316282072803006e-14,0.0,True
D,own,0,xi_common,0.25,a3d5af0639555770,True,2,2,0,0,0,nonmaterial,2.1316282072803006e-14,0.0,True
D,own,0,xi_differential,-1.0,a3d5af0639555770,True,2,2,0,0,0,nonmaterial,1.4210854715202004e-14,0.0,True
D,own,0,xi_differential,1.0,a3d5af0639555770,True,2,2,0,0,0,nonmaterial,2.1316282072803006e-14,0.0,True
D,own,0,xi_differential,-0.5,a3d5af0639555770,True,2,2,0,0,0,nonmaterial,2.842170943040401e-14,0.0,True
D,own,0,xi_differential,0.5,a3d5af0639555770,True,2,2,0,0,0,nonmaterial,3.552713678800501e-14,0.0,True
D,own,0,xi_differential,-0.25,a3d5af0639555770,True,2,2,0,0,0,nonmaterial,3.552713678800501e-14,0.0,True
D,own,0,xi_differential,0.25,a3d5af0639555770,True,2,2,0,0,0,nonmaterial,1.4210854715202004e-14,0.0,True
D,own,0,native_common,-1.0,a3d5af0639555770,True,2,2,0,0,0,nonmaterial,7.105427357601002e-15,0.0,True
D,own,0,native_common,1.0,a3d5af0639555770,True,2,2,0,0,0,nonmaterial,2.842170943040401e-14,0.0,True
D,own,0,native_common,-0.5,a3d5af0639555770,True,2,2,0,0,0,nonmaterial,1.4210854715202004e-14,0.0,True
D,own,0,native_common,0.5,a3d5af0639555770,True,2,2,0,0,0,nonmaterial,3.552713678800501e-14,0.0,True
D,own,0,native_common,-0.25,a3d5af0639555770,True,2,2,0,0,0,nonmaterial,1.4210854715202004e-14,0.0,True
D,own,0,native_common,0.25,a3d5af0639555770,True,2,2,0,0,0,nonmaterial,2.1316282072803006e-14,0.0,True
D,own,0,native_differential,-1.0,a3d5af0639555770,True,2,2,0,0,0,nonmaterial,1.4210854715202004e-14,0.0,True
D,own,0,native_differential,1.0,a3d5af0639555770,True,2,2,0,0,0,nonmaterial,3.552713678800501e-14,0.0,True
D,own,0,native_differential,-0.5,a3d5af0639555770,True,2,2,0,0,0,nonmaterial,4.263256414560601e-14,0.0,True
D,own,0,native_differential,0.5,a3d5af0639555770,True,2,2,0,0,0,nonmaterial,3.552713678800501e-14,0.0,True
D,own,0,native_differential,-0.25,a3d5af0639555770,True,2,2,0,0,0,nonmaterial,7.105427357601002e-15,0.0,True
D,own,0,native_differential,0.25,a3d5af0639555770,True,2,2,0,0,0,nonmaterial,2.1316282072803006e-14,0.0,True
D,own,103,baseline,0.0,dc4943659ec82423,True,2,2,0,0,0,nonmaterial,1.4210854715202004e-14,0.0,True
D,own,103,xi_common,-1.0,dc4943659ec82423,True,2,2,0,0,0,nonmaterial,1.4210854715202004e-14,0.0,True
D,own,103,xi_common,1.0,dc4943659ec82423,True,2,2,0,0,0,nonmaterial,1.7763568394002505e-15,0.0,True
D,own,103,xi_common,-0.5,dc4943659ec82423,True,2,2,0,0,0,nonmaterial,7.105427357601002e-15,0.0,True
D,own,103,xi_common,0.5,dc4943659ec82423,True,2,2,0,0,0,nonmaterial,7.105427357601002e-15,0.0,True
D,own,103,xi_common,-0.25,dc4943659ec82423,True,2,2,0,0,0,nonmaterial,2.842170943040401e-14,0.0,True
D,own,103,xi_common,0.25,dc4943659ec82423,True,2,2,0,0,0,nonmaterial,7.105427357601002e-15,0.0,True
D,own,103,xi_differential,-1.0,dc4943659ec82423,True,2,2,0,0,0,nonmaterial,1.4210854715202004e-14,0.0,True
D,own,103,xi_differential,1.0,dc4943659ec82423,True,2,2,0,0,0,nonmaterial,1.4210854715202004e-14,0.0,True
D,own,103,xi_differential,-0.5,dc4943659ec82423,True,2,2,0,0,0,nonmaterial,1.4210854715202004e-14,0.0,True
D,own,103,xi_differential,0.5,dc4943659ec82423,True,2,2,0,0,0,nonmaterial,7.105427357601002e-15,0.0,True
D,own,103,xi_differential,-0.25,dc4943659ec82423,True,2,2,0,0,0,nonmaterial,2.1316282072803006e-14,0.0,True
D,own,103,xi_differential,0.25,dc4943659ec82423,True,2,2,0,0,0,nonmaterial,1.4210854715202004e-14,0.0,True
D,own,103,native_common,-1.0,dc4943659ec82423,True,2,2,0,0,0,nonmaterial,7.105427357601002e-15,0.0,True
D,own,103,native_common,1.0,dc4943659ec82423,True,2,2,0,0,0,nonmaterial,1.4210854715202004e-14,0.0,True
D,own,103,native_common,-0.5,dc4943659ec82423,True,2,2,0,0,0,nonmaterial,5.10702591327572e-15,0.0,True
D,own,103,native_common,0.5,dc4943659ec82423,True,2,2,0,0,0,nonmaterial,7.993605777301127e-15,0.0,True
D,own,103,native_common,-0.25,dc4943659ec82423,True,2,2,0,0,0,nonmaterial,2.1316282072803006e-14,0.0,True
D,own,103,native_common,0.25,dc4943659ec82423,True,2,2,0,0,0,nonmaterial,7.105427357601002e-15,0.0,True
D,own,103,native_differential,-1.0,dc4943659ec82423,True,2,2,0,0,0,nonmaterial,2.55351295663786e-15,0.0,True
D,own,103,native_differential,1.0,dc4943659ec82423,True,2,2,0,0,0,nonmaterial,4.440892098500626e-15,0.0,True
D,own,103,native_differential,-0.5,dc4943659ec82423,True,2,2,0,0,0,nonmaterial,1.4210854715202004e-14,0.0,True
D,own,103,native_differential,0.5,dc4943659ec82423,True,2,2,0,0,0,nonmaterial,1.4210854715202004e-14,0.0,True
D,own,103,native_differential,-0.25,dc4943659ec82423,True,2,2,0,0,0,nonmaterial,4.884981308350689e-15,0.0,True
D,own,103,native_differential,0.25,dc4943659ec82423,True,2,2,0,0,0,nonmaterial,4.6629367034256575e-15,0.0,True
D,own,110,baseline,0.0,f164205ee59da8aa,True,2,2,0,0,2,nonmaterial,1.4210854715202004e-14,0.0,True
D,own,110,xi_common,-1.0,f164205ee59da8aa,True,2,2,0,0,2,nonmaterial,9.769962616701378e-15,0.0,True
D,own,110,xi_common,1.0,f164205ee59da8aa,True,2,2,0,0,2,nonmaterial,7.105427357601002e-15,0.0,True
D,own,110,xi_common,-0.5,f164205ee59da8aa,True,2,2,0,0,2,nonmaterial,3.552713678800501e-14,0.0,True
D,own,110,xi_common,0.5,f164205ee59da8aa,True,2,2,0,0,2,nonmaterial,2.842170943040401e-14,0.0,True
D,own,110,xi_common,-0.25,f164205ee59da8aa,True,2,2,0,0,2,nonmaterial,7.993605777301127e-15,0.0,True
D,own,110,xi_common,0.25,f164205ee59da8aa,True,2,2,0,0,2,nonmaterial,2.842170943040401e-14,0.0,True
D,own,110,xi_differential,-1.0,f164205ee59da8aa,True,2,2,0,0,2,nonmaterial,1.509903313490213e-14,0.0,True
D,own,110,xi_differential,1.0,f164205ee59da8aa,True,2,2,0,0,2,nonmaterial,5.329070518200751e-15,0.0,True
D,own,110,xi_differential,-0.5,f164205ee59da8aa,True,2,2,0,0,2,nonmaterial,2.1316282072803006e-14,0.0,True
D,own,110,xi_differential,0.5,f164205ee59da8aa,True,2,2,0,0,2,nonmaterial,1.6431300764452317e-14,0.0,True
D,own,110,xi_differential,-0.25,f164205ee59da8aa,True,2,2,0,0,2,nonmaterial,1.4210854715202004e-14,0.0,True
D,own,110,xi_differential,0.25,f164205ee59da8aa,True,2,2,0,0,2,nonmaterial,7.105427357601002e-15,0.0,True
D,own,110,native_common,-1.0,f164205ee59da8aa,True,2,2,0,0,2,nonmaterial,1.4210854715202004e-14,0.0,True
D,own,110,native_common,1.0,f164205ee59da8aa,True,2,2,0,0,2,nonmaterial,2.842170943040401e-14,0.0,True
D,own,110,native_common,-0.5,f164205ee59da8aa,True,2,2,0,0,2,nonmaterial,1.4210854715202004e-14,0.0,True
D,own,110,native_common,0.5,f164205ee59da8aa,True,2,2,0,0,2,nonmaterial,1.4654943925052066e-14,0.0,True
D,own,110,native_common,-0.25,f164205ee59da8aa,True,2,2,0,0,2,nonmaterial,1.4210854715202004e-14,0.0,True
D,own,110,native_common,0.25,f164205ee59da8aa,True,2,2,0,0,2,nonmaterial,2.1316282072803006e-14,0.0,True
D,own,110,native_differential,-1.0,f164205ee59da8aa,True,2,2,0,0,2,nonmaterial,1.4210854715202004e-14,0.0,True
D,own,110,native_differential,1.0,f164205ee59da8aa,True,2,2,0,0,2,nonmaterial,2.1760371282653068e-14,0.0,True
D,own,110,native_differential,-0.5,f164205ee59da8aa,True,2,2,0,0,2,nonmaterial,2.1316282072803006e-14,0.0,True
D,own,110,native_differential,0.5,f164205ee59da8aa,True,2,2,0,0,2,nonmaterial,2.1316282072803006e-14,0.0,True
D,own,110,native_differential,-0.25,f164205ee59da8aa,True,2,2,0,0,2,nonmaterial,2.842170943040401e-14,0.0,True
D,own,110,native_differential,0.25,f164205ee59da8aa,True,2,2,0,0,2,nonmaterial,1.4210854715202004e-14,0.0,True
D,own,113,baseline,0.0,f164205ee59da8aa,True,2,2,0,0,2,nonmaterial,7.815970093361102e-14,0.0,True
D,own,113,xi_common,-1.0,f164205ee59da8aa,True,2,2,0,0,2,nonmaterial,4.973799150320701e-14,0.0,True
D,own,113,xi_common,1.0,f164205ee59da8aa,True,2,2,0,0,2,nonmaterial,7.105427357601002e-14,0.0,True
D,own,113,xi_common,-0.5,f164205ee59da8aa,True,2,2,0,0,2,nonmaterial,6.394884621840902e-14,0.0,True
D,own,113,xi_common,0.5,f164205ee59da8aa,True,2,2,0,0,2,nonmaterial,7.815970093361102e-14,0.0,True
D,own,113,xi_common,-0.25,f164205ee59da8aa,True,2,2,0,0,2,nonmaterial,7.815970093361102e-14,0.0,True
D,own,113,xi_common,0.25,f164205ee59da8aa,True,2,2,0,0,2,nonmaterial,7.105427357601002e-14,0.0,True
D,own,113,xi_differential,-1.0,f164205ee59da8aa,True,2,2,0,0,2,nonmaterial,5.684341886080802e-14,0.0,True
D,own,113,xi_differential,1.0,f164205ee59da8aa,True,2,2,0,0,2,nonmaterial,7.105427357601002e-14,0.0,True
D,own,113,xi_differential,-0.5,f164205ee59da8aa,True,2,2,0,0,2,nonmaterial,5.684341886080802e-14,0.0,True
D,own,113,xi_differential,0.5,f164205ee59da8aa,True,2,2,0,0,2,nonmaterial,6.394884621840902e-14,0.0,True
D,own,113,xi_differential,-0.25,f164205ee59da8aa,True,2,2,0,0,2,nonmaterial,7.105427357601002e-14,0.0,True
D,own,113,xi_differential,0.25,f164205ee59da8aa,True,2,2,0,0,2,nonmaterial,7.815970093361102e-14,0.0,True
D,own,113,native_common,-1.0,f164205ee59da8aa,True,2,2,0,0,2,nonmaterial,7.105427357601002e-14,0.0,True
D,own,113,native_common,1.0,f164205ee59da8aa,True,2,2,0,0,2,nonmaterial,7.105427357601002e-14,0.0,True
D,own,113,native_common,-0.5,f164205ee59da8aa,True,2,2,0,0,2,nonmaterial,8.526512829121202e-14,0.0,True
D,own,113,native_common,0.5,f164205ee59da8aa,True,2,2,0,0,2,nonmaterial,7.105427357601002e-14,0.0,True
D,own,113,native_common,-0.25,f164205ee59da8aa,True,2,2,0,0,2,nonmaterial,7.815970093361102e-14,0.0,True
D,own,113,native_common,0.25,f164205ee59da8aa,True,2,2,0,0,2,nonmaterial,6.394884621840902e-14,0.0,True
D,own,113,native_differential,-1.0,f164205ee59da8aa,True,2,2,0,0,2,nonmaterial,6.394884621840902e-14,0.0,True
D,own,113,native_differential,1.0,f164205ee59da8aa,True,2,2,0,0,2,nonmaterial,7.815970093361102e-14,0.0,True
D,own,113,native_differential,-0.5,f164205ee59da8aa,True,2,2,0,0,2,nonmaterial,5.684341886080802e-14,0.0,True
D,own,113,native_differential,0.5,f164205ee59da8aa,True,2,2,0,0,2,nonmaterial,5.684341886080802e-14,0.0,True
D,own,113,native_differential,-0.25,f164205ee59da8aa,True,2,2,0,0,2,nonmaterial,8.526512829121202e-14,0.0,True
D,own,113,native_differential,0.25,f164205ee59da8aa,True,2,2,0,0,2,nonmaterial,5.684341886080802e-14,0.0,True
D,own,120,baseline,0.0,e60b5362f9a4ab90,True,2,2,0,2,2,nonmaterial,2.1316282072803006e-14,0.0,True
D,own,120,xi_common,-1.0,e60b5362f9a4ab90,True,2,2,0,2,2,nonmaterial,4.973799150320701e-14,0.0,True
D,own,120,xi_common,1.0,e60b5362f9a4ab90,True,2,2,0,2,2,nonmaterial,2.1316282072803006e-14,0.0,True
D,own,120,xi_common,-0.5,e60b5362f9a4ab90,True,2,2,0,2,2,nonmaterial,2.042810365310288e-14,0.0,True
D,own,120,xi_common,0.5,e60b5362f9a4ab90,True,2,2,0,2,2,nonmaterial,5.684341886080802e-14,0.0,True
D,own,120,xi_common,-0.25,e60b5362f9a4ab90,True,2,2,0,2,2,nonmaterial,4.973799150320701e-14,0.0,True
D,own,120,xi_common,0.25,e60b5362f9a4ab90,True,2,2,0,2,2,nonmaterial,3.108624468950438e-14,0.0,True
D,own,120,xi_differential,-1.0,e60b5362f9a4ab90,True,2,2,0,2,2,nonmaterial,4.263256414560601e-14,0.0,True
D,own,120,xi_differential,1.0,e60b5362f9a4ab90,True,2,2,0,2,2,nonmaterial,2.842170943040401e-14,0.0,True
D,own,120,xi_differential,-0.5,e60b5362f9a4ab90,True,2,2,0,2,2,nonmaterial,5.684341886080802e-14,0.0,True
D,own,120,xi_differential,0.5,e60b5362f9a4ab90,True,2,2,0,2,2,nonmaterial,1.1546319456101628e-14,0.0,True
D,own,120,xi_differential,-0.25,e60b5362f9a4ab90,True,2,2,0,2,2,nonmaterial,1.4210854715202004e-14,0.0,True
D,own,120,xi_differential,0.25,e60b5362f9a4ab90,True,2,2,0,2,2,nonmaterial,2.1316282072803006e-14,0.0,True
D,own,120,native_common,-1.0,e60b5362f9a4ab90,True,2,2,0,2,2,nonmaterial,2.1316282072803006e-14,0.0,True
D,own,120,native_common,1.0,e60b5362f9a4ab90,True,2,2,0,2,2,nonmaterial,7.105427357601002e-15,0.0,True
D,own,120,native_common,-0.5,e60b5362f9a4ab90,True,2,2,0,2,2,nonmaterial,3.9968028886505635e-14,0.0,True
D,own,120,native_common,0.5,e60b5362f9a4ab90,True,2,2,0,2,2,nonmaterial,3.552713678800501e-14,0.0,True
D,own,120,native_common,-0.25,e60b5362f9a4ab90,True,2,2,0,2,2,nonmaterial,2.842170943040401e-14,0.0,True
D,own,120,native_common,0.25,e60b5362f9a4ab90,True,2,2,0,2,2,nonmaterial,4.263256414560601e-14,0.0,True
D,own,120,native_differential,-1.0,e60b5362f9a4ab90,True,2,2,0,2,2,nonmaterial,2.5757174171303632e-14,0.0,True
D,own,120,native_differential,1.0,e60b5362f9a4ab90,True,2,2,0,2,2,nonmaterial,2.1316282072803006e-14,0.0,True
D,own,120,native_differential,-0.5,e60b5362f9a4ab90,True,2,2,0,2,2,nonmaterial,4.973799150320701e-14,0.0,True
D,own,120,native_differential,0.5,e60b5362f9a4ab90,True,2,2,0,2,2,nonmaterial,3.552713678800501e-14,0.0,True
D,own,120,native_differential,-0.25,e60b5362f9a4ab90,True,2,2,0,2,2,nonmaterial,2.842170943040401e-14,0.0,True
D,own,120,native_differential,0.25,e60b5362f9a4ab90,True,2,2,0,2,2,nonmaterial,3.552713678800501e-14,0.0,True
D,own,121,baseline,0.0,7bd8ed1abd74d3e3,True,2,2,0,2,2,material,1.7763568394002505e-14,0.0,True
D,own,121,xi_common,-1.0,7bd8ed1abd74d3e3,True,2,2,0,2,2,material,1.9539925233402755e-14,0.0,True
D,own,121,xi_common,1.0,7bd8ed1abd74d3e3,True,2,2,0,2,2,material,1.2434497875801753e-14,0.0,True
D,own,121,xi_common,-0.5,7bd8ed1abd74d3e3,True,2,2,0,2,2,material,7.105427357601002e-15,0.0,True
D,own,121,xi_common,0.5,7bd8ed1abd74d3e3,True,2,2,0,2,2,material,7.993605777301127e-15,0.0,True
D,own,121,xi_common,-0.25,7bd8ed1abd74d3e3,True,2,2,0,2,2,material,1.4210854715202004e-14,0.0,True
D,own,121,xi_common,0.25,7bd8ed1abd74d3e3,True,2,2,0,2,2,material,2.1316282072803006e-14,0.0,True
D,own,121,xi_differential,-1.0,7bd8ed1abd74d3e3,True,2,2,0,2,2,material,8.881784197001252e-15,0.0,True
D,own,121,xi_differential,1.0,7bd8ed1abd74d3e3,True,2,2,0,2,2,material,1.4210854715202004e-14,0.0,True
D,own,121,xi_differential,-0.5,7bd8ed1abd74d3e3,True,2,2,0,2,2,material,2.842170943040401e-14,0.0,True
D,own,121,xi_differential,0.5,7bd8ed1abd74d3e3,True,2,2,0,2,2,material,7.105427357601002e-15,0.0,True
D,own,121,xi_differential,-0.25,7bd8ed1abd74d3e3,True,2,2,0,2,2,material,1.4210854715202004e-14,0.0,True
D,own,121,xi_differential,0.25,7bd8ed1abd74d3e3,True,2,2,0,2,2,material,8.881784197001252e-15,0.0,True
D,own,121,native_common,-1.0,7bd8ed1abd74d3e3,True,2,2,0,2,2,material,7.105427357601002e-15,0.0,True
D,own,121,native_common,1.0,7bd8ed1abd74d3e3,True,2,2,0,2,2,material,3.197442310920451e-14,0.0,True
D,own,121,native_common,-0.5,7bd8ed1abd74d3e3,True,2,2,0,2,2,material,1.4210854715202004e-14,0.0,True
D,own,121,native_common,0.5,7bd8ed1abd74d3e3,True,2,2,0,2,2,material,2.1316282072803006e-14,0.0,True
D,own,121,native_common,-0.25,7bd8ed1abd74d3e3,True,2,2,0,2,2,material,7.105427357601002e-15,0.0,True
D,own,121,native_common,0.25,7bd8ed1abd74d3e3,True,2,2,0,2,2,material,1.4210854715202004e-14,0.0,True
D,own,121,native_differential,-1.0,7bd8ed1abd74d3e3,True,2,2,0,2,2,material,2.1316282072803006e-14,0.0,True
D,own,121,native_differential,1.0,7bd8ed1abd74d3e3,True,2,2,0,2,2,material,2.930988785010413e-14,0.0,True
D,own,121,native_differential,-0.5,7bd8ed1abd74d3e3,True,2,2,0,2,2,material,1.4210854715202004e-14,0.0,True
D,own,121,native_differential,0.5,7bd8ed1abd74d3e3,True,2,2,0,2,2,material,2.4868995751603507e-14,0.0,True
D,own,121,native_differential,-0.25,7bd8ed1abd74d3e3,True,2,2,0,2,2,material,2.4868995751603507e-14,0.0,True
D,own,121,native_differential,0.25,7bd8ed1abd74d3e3,True,2,2,0,2,2,material,7.105427357601002e-15,0.0,True
D,own,124,baseline,0.0,96070cda12b7b446,True,1,1,0,2,2,material,1.7763568394002505e-15,0.0,True
D,own,124,xi_common,-1.0,96070cda12b7b446,True,1,1,0,2,2,material,3.344546861683284e-15,0.0,True
D,own,124,xi_common,1.0,96070cda12b7b446,True,1,1,0,2,2,material,1.4210854715202004e-14,0.0,True
D,own,124,xi_common,-0.5,96070cda12b7b446,True,1,1,0,2,2,material,7.105427357601002e-15,0.0,True
D,own,124,xi_common,0.5,96070cda12b7b446,True,1,1,0,2,2,material,1.0658141036401503e-14,0.0,True
D,own,124,xi_common,-0.25,96070cda12b7b446,True,1,1,0,2,2,material,8.881784197001252e-15,0.0,True
D,own,124,xi_common,0.25,96070cda12b7b446,True,1,1,0,2,2,material,7.105427357601002e-15,0.0,True
D,own,124,xi_differential,-1.0,96070cda12b7b446,True,1,1,0,2,2,material,5.329070518200751e-15,0.0,True
D,own,124,xi_differential,1.0,96070cda12b7b446,True,1,1,0,2,2,material,7.105427357601002e-15,0.0,True
D,own,124,xi_differential,-0.5,96070cda12b7b446,True,1,1,0,2,2,material,1.4210854715202004e-14,0.0,True
D,own,124,xi_differential,0.5,96070cda12b7b446,True,1,1,0,2,2,material,2.220446049250313e-15,0.0,True
D,own,124,xi_differential,-0.25,96070cda12b7b446,True,1,1,0,2,2,material,7.105427357601002e-15,0.0,True
D,own,124,xi_differential,0.25,96070cda12b7b446,True,1,1,0,2,2,material,3.552713678800501e-15,0.0,True
D,own,124,native_common,-1.0,96070cda12b7b446,True,1,1,0,2,2,material,2.1316282072803006e-14,0.0,True
D,own,124,native_common,1.0,96070cda12b7b446,True,1,1,0,2,2,material,5.329070518200751e-15,0.0,True
D,own,124,native_common,-0.5,96070cda12b7b446,True,1,1,0,2,2,material,1.7763568394002505e-15,0.0,True
D,own,124,native_common,0.5,96070cda12b7b446,True,1,1,0,2,2,material,7.105427357601002e-15,0.0,True
D,own,124,native_common,-0.25,96070cda12b7b446,True,1,1,0,2,2,material,7.105427357601002e-15,0.0,True
D,own,124,native_common,0.25,96070cda12b7b446,True,1,1,0,2,2,material,7.105427357601002e-15,0.0,True
D,own,124,native_differential,-1.0,96070cda12b7b446,True,1,1,0,2,2,material,1.4210854715202004e-14,0.0,True
D,own,124,native_differential,1.0,96070cda12b7b446,True,1,1,0,2,2,material,4.884981308350689e-15,0.0,True
D,own,124,native_differential,-0.5,96070cda12b7b446,True,1,1,0,2,2,material,1.4210854715202004e-14,0.0,True
D,own,124,native_differential,0.5,96070cda12b7b446,True,1,1,0,2,2,material,3.552713678800501e-15,0.0,True
D,own,124,native_differential,-0.25,96070cda12b7b446,True,1,1,0,2,2,material,2.4424906541753444e-15,0.0,True
D,own,124,native_differential,0.25,96070cda12b7b446,True,1,1,0,2,2,material,7.105427357601002e-15,0.0,True
